[
  {
    "client_msg_id": "dfcc2198-ea40-4537-a336-ba6a086876e4",
    "type": "message",
    "user": "U06M0EL5SF8",
    "text": ":purple_heart: WAIS members!! :purple_heart:\n\n*The Women in Computer Science club is inviting us to participate in TWO of their events next week!* They will be having a Lunch and Learn with Adobe, and an Evening Panel with Goldman Sachs! These are great opportunities to meet other women in STEM and learn about these two companies. I will send the links to RSVP for both, but they can also be found on the flyers.",
    "ts": "1758825310.550609",
    "edited": {
      "user": "U06M0EL5SF8",
      "ts": "1758825435.000000"
    },
    "files": [
      {
        "id": "F09J091MPDW",
        "created": 1758825301,
        "timestamp": 1758825301,
        "name": "Adobe WICS Event (1).png",
        "title": "Adobe WICS Event (1).png",
        "mimetype": "image/png",
        "image_exif_rotation": 0,
        "filetype": "png",
        "pretty_type": "PNG",
        "user": "U06M0EL5SF8",
        "mode": "hosted",
        "editable": false,
        "is_external": false,
        "external_type": "",
        "size": 388124,
        "url": "",
        "url_download": "",
        "url_private": "https://files.slack.com/files-pri/T0B72NU6T-F09J091MPDW/adobe_wics_event__1_.png",
        "url_private_download": "https://files.slack.com/files-pri/T0B72NU6T-F09J091MPDW/download/adobe_wics_event__1_.png",
        "original_h": 2000,
        "original_w": 1545,
        "thumb_64": "https://files.slack.com/files-tmb/T0B72NU6T-F09J091MPDW-000e3738b6/adobe_wics_event__1__64.png",
        "thumb_80": "https://files.slack.com/files-tmb/T0B72NU6T-F09J091MPDW-000e3738b6/adobe_wics_event__1__80.png",
        "thumb_160": "https://files.slack.com/files-tmb/T0B72NU6T-F09J091MPDW-000e3738b6/adobe_wics_event__1__160.png",
        "thumb_360": "https://files.slack.com/files-tmb/T0B72NU6T-F09J091MPDW-000e3738b6/adobe_wics_event__1__360.png",
        "thumb_360_gif": "",
        "thumb_360_w": 278,
        "thumb_360_h": 360,
        "thumb_480": "https://files.slack.com/files-tmb/T0B72NU6T-F09J091MPDW-000e3738b6/adobe_wics_event__1__480.png",
        "thumb_480_w": 371,
        "thumb_480_h": 480,
        "thumb_720": "https://files.slack.com/files-tmb/T0B72NU6T-F09J091MPDW-000e3738b6/adobe_wics_event__1__720.png",
        "thumb_720_w": 556,
        "thumb_720_h": 720,
        "thumb_960": "https://files.slack.com/files-tmb/T0B72NU6T-F09J091MPDW-000e3738b6/adobe_wics_event__1__960.png",
        "thumb_960_w": 742,
        "thumb_960_h": 960,
        "thumb_1024": "https://files.slack.com/files-tmb/T0B72NU6T-F09J091MPDW-000e3738b6/adobe_wics_event__1__1024.png",
        "thumb_1024_w": 791,
        "thumb_1024_h": 1024,
        "permalink": "https://byu-is.slack.com/files/U09AR6XNZRU/F09J091MPDW/adobe_wics_event__1_.png",
        "permalink_public": "https://slack-files.com/T0B72NU6T-F09J091MPDW-1ac8d6677c",
        "edit_link": "",
        "preview": "",
        "preview_highlight": "",
        "lines": 0,
        "lines_more": 0,
        "is_public": true,
        "public_url_shared": false,
        "channels": null,
        "groups": null,
        "ims": null,
        "initial_comment": {},
        "comments_count": 0,
        "num_stars": 0,
        "is_starred": false,
        "shares": {
          "public": null,
          "private": null
        },
        "subject": "",
        "to": null,
        "from": null,
        "cc": null,
        "headers": {
          "date": "",
          "in_reply_to": "",
          "reply_to": "",
          "message_id": ""
        }
      },
      {
        "id": "F09H1NPFPD1",
        "created": 1758825307,
        "timestamp": 1758825307,
        "name": "blue and orange NO.png",
        "title": "blue and orange NO.png",
        "mimetype": "image/png",
        "image_exif_rotation": 0,
        "filetype": "png",
        "pretty_type": "PNG",
        "user": "U06M0EL5SF8",
        "mode": "hosted",
        "editable": false,
        "is_external": false,
        "external_type": "",
        "size": 343716,
        "url": "",
        "url_download": "",
        "url_private": "https://files.slack.com/files-pri/T0B72NU6T-F09H1NPFPD1/blue_and_orange_no.png",
        "url_private_download": "https://files.slack.com/files-pri/T0B72NU6T-F09H1NPFPD1/download/blue_and_orange_no.png",
        "original_h": 2000,
        "original_w": 1545,
        "thumb_64": "https://files.slack.com/files-tmb/T0B72NU6T-F09H1NPFPD1-f1cca9cbec/blue_and_orange_no_64.png",
        "thumb_80": "https://files.slack.com/files-tmb/T0B72NU6T-F09H1NPFPD1-f1cca9cbec/blue_and_orange_no_80.png",
        "thumb_160": "https://files.slack.com/files-tmb/T0B72NU6T-F09H1NPFPD1-f1cca9cbec/blue_and_orange_no_160.png",
        "thumb_360": "https://files.slack.com/files-tmb/T0B72NU6T-F09H1NPFPD1-f1cca9cbec/blue_and_orange_no_360.png",
        "thumb_360_gif": "",
        "thumb_360_w": 278,
        "thumb_360_h": 360,
        "thumb_480": "https://files.slack.com/files-tmb/T0B72NU6T-F09H1NPFPD1-f1cca9cbec/blue_and_orange_no_480.png",
        "thumb_480_w": 371,
        "thumb_480_h": 480,
        "thumb_720": "https://files.slack.com/files-tmb/T0B72NU6T-F09H1NPFPD1-f1cca9cbec/blue_and_orange_no_720.png",
        "thumb_720_w": 556,
        "thumb_720_h": 720,
        "thumb_960": "https://files.slack.com/files-tmb/T0B72NU6T-F09H1NPFPD1-f1cca9cbec/blue_and_orange_no_960.png",
        "thumb_960_w": 742,
        "thumb_960_h": 960,
        "thumb_1024": "https://files.slack.com/files-tmb/T0B72NU6T-F09H1NPFPD1-f1cca9cbec/blue_and_orange_no_1024.png",
        "thumb_1024_w": 791,
        "thumb_1024_h": 1024,
        "permalink": "https://byu-is.slack.com/files/U09AR6XNZRU/F09H1NPFPD1/blue_and_orange_no.png",
        "permalink_public": "https://slack-files.com/T0B72NU6T-F09H1NPFPD1-b2ec200493",
        "edit_link": "",
        "preview": "",
        "preview_highlight": "",
        "lines": 0,
        "lines_more": 0,
        "is_public": true,
        "public_url_shared": false,
        "channels": null,
        "groups": null,
        "ims": null,
        "initial_comment": {},
        "comments_count": 0,
        "num_stars": 0,
        "is_starred": false,
        "shares": {
          "public": null,
          "private": null
        },
        "subject": "",
        "to": null,
        "from": null,
        "cc": null,
        "headers": {
          "date": "",
          "in_reply_to": "",
          "reply_to": "",
          "message_id": ""
        }
      }
    ],
    "reactions": [
      {
        "name": "heart",
        "count": 10,
        "users": [
          "U02BW1ZUXRU",
          "U06KQUL7M09",
          "U064YB8RH43",
          "U083PHSPYMP",
          "U07T843R21F",
          "U07N9AC5CAV",
          "U05QYKUN9AR",
          "U06G317C2Q5",
          "U063NJ69S4X",
          "U07N9TDRK1N"
        ]
      },
      {
        "name": "ribbon",
        "count": 5,
        "users": [
          "U06KQUL7M09",
          "U083PHSPYMP",
          "U05QYKUN9AR",
          "U06K1AN4EG5",
          "U063NJ69S4X"
        ]
      },
      {
        "name": "sparkling_heart",
        "count": 4,
        "users": [
          "U06KQUL7M09",
          "U083PHSPYMP",
          "U05QYKUN9AR",
          "U063NJ69S4X"
        ]
      },
      {
        "name": "byrd",
        "count": 4,
        "users": [
          "U06KQUL7M09",
          "U083PHSPYMP",
          "U05QYKUN9AR",
          "U063NJ69S4X"
        ]
      },
      {
        "name": "heart_hands",
        "count": 4,
        "users": [
          "U06KQUL7M09",
          "U083PHSPYMP",
          "U05QYKUN9AR",
          "U063NJ69S4X"
        ]
      },
      {
        "name": "heart_eyes",
        "count": 4,
        "users": [
          "U064YB8RH43",
          "U083PHSPYMP",
          "U05QYKUN9AR",
          "U063NJ69S4X"
        ]
      }
    ],
    "replace_original": false,
    "delete_original": false,
    "metadata": {
      "event_type": "",
      "event_payload": null
    },
    "blocks": [
      {
        "type": "rich_text",
        "block_id": "2ZbiQ",
        "elements": [
          {
            "type": "rich_text_section",
            "elements": [
              {
                "type": "emoji",
                "name": "purple_heart",
                "unicode": "1f49c"
              },
              {
                "type": "text",
                "text": " WAIS members!! "
              },
              {
                "type": "emoji",
                "name": "purple_heart",
                "unicode": "1f49c"
              },
              {
                "type": "text",
                "text": "\n\n"
              },
              {
                "type": "text",
                "text": "The Women in Computer Science club is inviting us to participate in TWO of their events next week!",
                "style": {
                  "bold": true
                }
              },
              {
                "type": "text",
                "text": " They will be having a Lunch and Learn with Adobe, and an Evening Panel with Goldman Sachs! These are great opportunities to meet other women in STEM and learn about these two companies. I will send the links to RSVP for both, but they can also be found on the flyers."
              }
            ]
          }
        ]
      }
    ],
    "user_profile": {
      "avatar_hash": "",
      "image_72": "https://avatars.slack-edge.com/2024-09-01/7654622677622_534ed950fd434df6ceeb_72.png",
      "first_name": "Annabelle",
      "real_name": "Annabelle Baker",
      "display_name": "Annabelle Baker",
      "team": "T0B72NU6T",
      "name": "abbaker",
      "is_restricted": false,
      "is_ultra_restricted": false
    }
  },
  {
    "client_msg_id": "063E53FD-D292-4D8A-A6ED-D40EC0EA2B04",
    "type": "message",
    "user": "U06M0EL5SF8",
    "text": "Here is the RSVP link to sign up for both! \n:link: \u003chttps://docs.google.com/forms/d/e/1FAIpQLSdCcG3FrS8h8ViaAaacUCErejYGIkQAPZ49UxuBRPlnjLXD_w/viewform|https://docs.google.com/forms/d/e/1FAIpQLSdCcG3FrS8h8ViaAaacUCErejYGIkQAPZ49UxuBRPlnjLXD_w/viewform\u003e",
    "ts": "1758825511.183869",
    "team": "T0B72NU6T",
    "replace_original": false,
    "delete_original": false,
    "metadata": {
      "event_type": "",
      "event_payload": null
    },
    "blocks": [
      {
        "type": "rich_text",
        "block_id": "Q61M5",
        "elements": [
          {
            "type": "rich_text_section",
            "elements": [
              {
                "type": "text",
                "text": "Here is the RSVP link to sign up for both! \n"
              },
              {
                "type": "emoji",
                "name": "link",
                "unicode": "1f517"
              },
              {
                "type": "text",
                "text": " "
              },
              {
                "type": "link",
                "url": "https://docs.google.com/forms/d/e/1FAIpQLSdCcG3FrS8h8ViaAaacUCErejYGIkQAPZ49UxuBRPlnjLXD_w/viewform",
                "text": "https://docs.google.com/forms/d/e/1FAIpQLSdCcG3FrS8h8ViaAaacUCErejYGIkQAPZ49UxuBRPlnjLXD_w/viewform"
              }
            ]
          }
        ]
      }
    ],
    "user_team": "T0B72NU6T",
    "source_team": "T0B72NU6T",
    "user_profile": {
      "avatar_hash": "",
      "image_72": "https://avatars.slack-edge.com/2024-09-01/7654622677622_534ed950fd434df6ceeb_72.png",
      "first_name": "Annabelle",
      "real_name": "Annabelle Baker",
      "display_name": "Annabelle Baker",
      "team": "T0B72NU6T",
      "name": "abbaker",
      "is_restricted": false,
      "is_ultra_restricted": false
    }
  }
]
