[
  {
    "client_msg_id": "BCF2B8C3-BC74-4765-B8B7-F470E69EDEA5",
    "type": "message",
    "user": "U013YQJR6FR",
    "text": "I wanted to share this here too because Studio McGee is a mostly female company! I’ve absolutely LOVED working here!\n\u003chttps://byu-is.slack.com/archives/C0NGSBSAK/p1762356945999749|https://byu-is.slack.com/archives/C0NGSBSAK/p1762356945999749\u003e",
    "ts": "1762363912.934819",
    "attachments": [
      {
        "fallback": "[November 5th, 2025 7:35 AM] sydney98: The team I’m on at Studio McGee has an opening for an entry-level systems administrator! The position is hybrid with two days a week in the office in Draper (the office space is BEAUTIFUL), and the company has great benefits including open PTO and an employee discount on McGee \u0026 Co products. Message me if you’d like more information!\n\u003chttps://workforcenow.adp.com/mascsr/default/mdf/recruitment/recruitment.html?cid=54ad0758-8728-441e-b5dc-e3d7ffbb84d7\u0026ccId=19000101_000001\u0026lang=en_US\u0026source=CC2\u0026selectedMenuKey=CareerCenter\u0026jobId=948584|https://workforcenow.adp.com/mascsr/default/mdf/recruitment/recruitment.html?cid=54ad0758-8728-441e-b5dc-e3d7ffbb84d7\u0026ccId=19000101_000001\u0026lang=en_US\u0026source=CC2\u0026selectedMenuKey=CareerCenter\u0026jobId=948584\u003e",
        "id": 1,
        "author_id": "U013YQJR6FR",
        "author_name": "Sydney Brockbank",
        "author_subname": "Sydney Brockbank",
        "author_link": "https://byu-is.slack.com/team/U013YQJR6FR",
        "author_icon": "https://avatars.slack-edge.com/2025-11-05/9847640469110_81f6b8b456103c6d67e3_48.png",
        "text": "The team I’m on at Studio McGee has an opening for an entry-level systems administrator! The position is hybrid with two days a week in the office in Draper (the office space is BEAUTIFUL), and the company has great benefits including open PTO and an employee discount on McGee \u0026 Co products. Message me if you’d like more information!\n\u003chttps://workforcenow.adp.com/mascsr/default/mdf/recruitment/recruitment.html?cid=54ad0758-8728-441e-b5dc-e3d7ffbb84d7\u0026ccId=19000101_000001\u0026lang=en_US\u0026source=CC2\u0026selectedMenuKey=CareerCenter\u0026jobId=948584|https://workforcenow.adp.com/mascsr/default/mdf/recruitment/recruitment.html?cid=54ad0758-8728-441e-b5dc-e3d7ffbb84d7\u0026ccId=19000101_000001\u0026lang=en_US\u0026source=CC2\u0026selectedMenuKey=CareerCenter\u0026jobId=948584\u003e",
        "from_url": "https://byu-is.slack.com/archives/C0NGSBSAK/p1762356945999749",
        "original_url": "https://byu-is.slack.com/archives/C0NGSBSAK/p1762356945999749",
        "mrkdwn_in": [
          "text"
        ],
        "blocks": null,
        "footer": "Slack Conversation",
        "ts": 1762356945.999749
      }
    ],
    "team": "T0B72NU6T",
    "reactions": [
      {
        "name": "purple_heart",
        "count": 1,
        "users": [
          "U06M0EL5SF8"
        ]
      },
      {
        "name": "raised_hands",
        "count": 1,
        "users": [
          "U07T843R21F"
        ]
      }
    ],
    "replace_original": false,
    "delete_original": false,
    "metadata": {
      "event_type": "",
      "event_payload": null
    },
    "blocks": [
      {
        "type": "rich_text",
        "block_id": "Hej9f",
        "elements": [
          {
            "type": "rich_text_section",
            "elements": [
              {
                "type": "text",
                "text": "I wanted to share this here too because Studio McGee is a mostly female company! I’ve absolutely LOVED working here!"
              },
              {
                "type": "text",
                "text": "\n"
              },
              {
                "type": "link",
                "url": "https://byu-is.slack.com/archives/C0NGSBSAK/p1762356945999749",
                "text": "https://byu-is.slack.com/archives/C0NGSBSAK/p1762356945999749"
              }
            ]
          }
        ]
      }
    ],
    "user_team": "T0B72NU6T",
    "source_team": "T0B72NU6T",
    "user_profile": {
      "avatar_hash": "",
      "image_72": "https://avatars.slack-edge.com/2025-11-05/9847640469110_81f6b8b456103c6d67e3_72.png",
      "first_name": "",
      "real_name": "Sydney Brockbank",
      "display_name": "Sydney Brockbank",
      "team": "T0B72NU6T",
      "name": "sydney98",
      "is_restricted": false,
      "is_ultra_restricted": false
    }
  }
]
