[
  {
    "client_msg_id": "20c2f228-bd98-4b0c-9023-c6e87894dd1d",
    "type": "message",
    "user": "U04P5CSGG81",
    "text": "Ladies, let's do some diamond art! I bought some cute Thanksgiving cards, and I'll bring my bedazzling kit so we can glue some sparkles on. Come to *674 at noon on Thursday* for some unofficial WAIS hangout time.",
    "ts": "1760991770.314189",
    "files": [
      {
        "id": "F09MG26MW1K",
        "created": 1760991709,
        "timestamp": 1760991709,
        "name": "Student Diamond Art Bedazzling.png",
        "title": "Student Diamond Art Bedazzling.png",
        "mimetype": "image/png",
        "image_exif_rotation": 0,
        "filetype": "png",
        "pretty_type": "PNG",
        "user": "U04P5CSGG81",
        "mode": "hosted",
        "editable": false,
        "is_external": false,
        "external_type": "",
        "size": 2457896,
        "url": "",
        "url_download": "",
        "url_private": "https://files.slack.com/files-pri/T0B72NU6T-F09MG26MW1K/student_diamond_art_bedazzling.png",
        "url_private_download": "https://files.slack.com/files-pri/T0B72NU6T-F09MG26MW1K/download/student_diamond_art_bedazzling.png",
        "original_h": 2000,
        "original_w": 1428,
        "thumb_64": "https://files.slack.com/files-tmb/T0B72NU6T-F09MG26MW1K-15f4fad703/student_diamond_art_bedazzling_64.png",
        "thumb_80": "https://files.slack.com/files-tmb/T0B72NU6T-F09MG26MW1K-15f4fad703/student_diamond_art_bedazzling_80.png",
        "thumb_160": "https://files.slack.com/files-tmb/T0B72NU6T-F09MG26MW1K-15f4fad703/student_diamond_art_bedazzling_160.png",
        "thumb_360": "https://files.slack.com/files-tmb/T0B72NU6T-F09MG26MW1K-15f4fad703/student_diamond_art_bedazzling_360.png",
        "thumb_360_gif": "",
        "thumb_360_w": 257,
        "thumb_360_h": 360,
        "thumb_480": "https://files.slack.com/files-tmb/T0B72NU6T-F09MG26MW1K-15f4fad703/student_diamond_art_bedazzling_480.png",
        "thumb_480_w": 343,
        "thumb_480_h": 480,
        "thumb_720": "https://files.slack.com/files-tmb/T0B72NU6T-F09MG26MW1K-15f4fad703/student_diamond_art_bedazzling_720.png",
        "thumb_720_w": 514,
        "thumb_720_h": 720,
        "thumb_960": "https://files.slack.com/files-tmb/T0B72NU6T-F09MG26MW1K-15f4fad703/student_diamond_art_bedazzling_960.png",
        "thumb_960_w": 685,
        "thumb_960_h": 960,
        "thumb_1024": "https://files.slack.com/files-tmb/T0B72NU6T-F09MG26MW1K-15f4fad703/student_diamond_art_bedazzling_1024.png",
        "thumb_1024_w": 731,
        "thumb_1024_h": 1024,
        "permalink": "https://byu-is.slack.com/files/U09AR6XNZRU/F09MG26MW1K/student_diamond_art_bedazzling.png",
        "permalink_public": "https://slack-files.com/T0B72NU6T-F09MG26MW1K-8d32ccae6c",
        "edit_link": "",
        "preview": "",
        "preview_highlight": "",
        "lines": 0,
        "lines_more": 0,
        "is_public": true,
        "public_url_shared": false,
        "channels": null,
        "groups": null,
        "ims": null,
        "initial_comment": {},
        "comments_count": 0,
        "num_stars": 0,
        "is_starred": false,
        "shares": {
          "public": null,
          "private": null
        },
        "subject": "",
        "to": null,
        "from": null,
        "cc": null,
        "headers": {
          "date": "",
          "in_reply_to": "",
          "reply_to": "",
          "message_id": ""
        }
      }
    ],
    "reactions": [
      {
        "name": "gem",
        "count": 7,
        "users": [
          "U05QYKUN9AR",
          "U01TP7DLDQR",
          "U062Q2PUL5V",
          "U063NJ69S4X",
          "U06M0EL5SF8",
          "U06D5T6BN6B",
          "U073NUUJ6EQ"
        ]
      },
      {
        "name": "sparkles",
        "count": 2,
        "users": [
          "U05QYKUN9AR",
          "U06M0EL5SF8"
        ]
      }
    ],
    "replace_original": false,
    "delete_original": false,
    "metadata": {
      "event_type": "",
      "event_payload": null
    },
    "blocks": [
      {
        "type": "rich_text",
        "block_id": "P9Kkx",
        "elements": [
          {
            "type": "rich_text_section",
            "elements": [
              {
                "type": "text",
                "text": "Ladies, let's do some diamond art! I bought some cute Thanksgiving cards, and I'll bring my bedazzling kit so we can glue some sparkles on. Come to "
              },
              {
                "type": "text",
                "text": "674 at noon on Thursday ",
                "style": {
                  "bold": true
                }
              },
              {
                "type": "text",
                "text": "for some unofficial WAIS hangout time."
              }
            ]
          }
        ]
      }
    ],
    "user_profile": {
      "avatar_hash": "",
      "image_72": "https://avatars.slack-edge.com/2025-09-11/9530543027280_8aa0a7f1a39683484a95_72.png",
      "first_name": "Professor",
      "real_name": "Professor Laura Cutler",
      "display_name": "Professor Laura Cutler",
      "team": "T0B72NU6T",
      "name": "laura.cutler",
      "is_restricted": false,
      "is_ultra_restricted": false
    }
  }
]
