[
  {
    "type": "message",
    "user": "U06M0EL5SF8",
    "text": "Reminder to sign up for this event if you haven't already! :sirenlight:",
    "ts": "1762446940.548629",
    "attachments": [
      {
        "color": "D0D0D0",
        "fallback": "[November 4th, 2025 1:55 PM] abbaker: hello WAIS members! :purple_heart: we are collabing with Women in Computer Science and Women in Statistics for an event coming up next Tuesday! Our WAIS alumni, Marissa Twitchell, will be speaking to us and talking about using our strengths in the tech industry. This will be a great opportunity to meet other women in tech majors, as well as come together as WAIS. Please join us next week by RSVPing using this link:\n:link: \u003chttps://luma.com/a6d2mszs\u003e\nAlso spread the word to others who may be interested in attending! There will also be BYU mint brownies served :eyes:",
        "author_id": "U06M0EL5SF8",
        "author_name": "Annabelle Baker",
        "author_subname": "Annabelle Baker",
        "author_link": "https://byu-is.slack.com/team/U06M0EL5SF8",
        "author_icon": "https://avatars.slack-edge.com/2024-09-01/7654622677622_534ed950fd434df6ceeb_48.png",
        "text": "hello WAIS members! :purple_heart: we are collabing with Women in Computer Science and Women in Statistics for an event coming up next Tuesday! Our WAIS alumni, Marissa Twitchell, will be speaking to us and talking about using our strengths in the tech industry. This will be a great opportunity to meet other women in tech majors, as well as come together as WAIS. Please join us next week by RSVPing using this link:\n:link: \u003chttps://luma.com/a6d2mszs\u003e\nAlso spread the word to others who may be interested in attending! There will also be BYU mint brownies served :eyes:",
        "from_url": "https://byu-is.slack.com/archives/C01AFRJ098B/p1762289743599169",
        "mrkdwn_in": [
          "text"
        ],
        "blocks": null,
        "footer": "Slack Conversation",
        "ts": 1762289743.599169
      }
    ],
    "team": "T0B72NU6T",
    "replace_original": false,
    "delete_original": false,
    "metadata": {
      "event_type": "",
      "event_payload": null
    },
    "blocks": [
      {
        "type": "rich_text",
        "block_id": "SHkWy",
        "elements": [
          {
            "type": "rich_text_section",
            "elements": [
              {
                "type": "text",
                "text": "Reminder to sign up for this event if you haven't already! "
              },
              {
                "type": "emoji",
                "name": "sirenlight"
              }
            ]
          }
        ]
      }
    ],
    "user_team": "T0B72NU6T",
    "source_team": "T0B72NU6T",
    "user_profile": {
      "avatar_hash": "",
      "image_72": "https://avatars.slack-edge.com/2024-09-01/7654622677622_534ed950fd434df6ceeb_72.png",
      "first_name": "Annabelle",
      "real_name": "Annabelle Baker",
      "display_name": "Annabelle Baker",
      "team": "T0B72NU6T",
      "name": "abbaker",
      "is_restricted": false,
      "is_ultra_restricted": false
    }
  }
]
