[
  {
    "id": "C01AFRJ098B",
    "created": 1599759661,
    "is_open": false,
    "is_group": false,
    "is_shared": false,
    "is_im": false,
    "is_ext_shared": false,
    "is_org_shared": false,
    "is_global_shared": false,
    "is_pending_ext_shared": false,
    "is_private": false,
    "is_read_only": false,
    "is_mpim": false,
    "unlinked": 0,
    "name_normalized": "wais",
    "num_members": 323,
    "priority": 0,
    "user": "",
    "shared_team_ids": [
      "T0B72NU6T"
    ],
    "context_team_id": "T0B72NU6T",
    "name": "wais",
    "creator": "U0HM7RR6Z",
    "is_archived": false,
    "members": null,
    "topic": {
      "value": "Women of AIS can join this channel to get connected with other women\n\u003chttps://linktr.ee/byuwais\u003e",
      "creator": "UU1GFAYJ2",
      "last_set": 1649803875
    },
    "purpose": {
      "value": "Activities, events, and general awareness for Women in AIS",
      "creator": "U0HM7RR6Z",
      "last_set": 1599759662
    },
    "is_channel": true,
    "is_general": false,
    "is_member": false,
    "locale": "en-US",
    "properties": {
      "canvas": {
        "file_id": "F06J7PPMN72",
        "is_empty": true,
        "quip_thread_id": "OVP9AA1WC8H"
      },
      "posting_restricted_to": {
        "type": null,
        "user": null
      },
      "tabs": [
        {
          "id": "files",
          "label": "",
          "type": "files"
        },
        {
          "id": "channel_canvas",
          "label": "Canvas",
          "type": "channel_canvas"
        }
      ],
      "threads_restricted_to": {
        "type": null,
        "user": null
      }
    }
  }
]
