[
  {
    "client_msg_id": "3A3845F8-869F-4E69-872A-87B4103D5AC7",
    "type": "message",
    "user": "U06M0EL5SF8",
    "text": "WAIS members!! As you saw in the \u003c#C0HM9NNGK|\u003e from AIS this morning, there are a TON of Women in Business events being advertised this week! Here are the flyers for each of them! \n:sirenlight: There are only a few spots left for the Q\u0026A with Sister Sheri Dew, and same with the event with Cyndi Tetro!! \nCyndi also runs the Women Tech Council and SheTech, two great events that WAIS has participated in! Please come to support her if you’re able to!",
    "ts": "1760384557.117499",
    "edited": {
      "user": "U06M0EL5SF8",
      "ts": "1760384720.000000"
    },
    "team": "T0B72NU6T",
    "replace_original": false,
    "delete_original": false,
    "metadata": {
      "event_type": "",
      "event_payload": null
    },
    "blocks": [
      {
        "type": "rich_text",
        "block_id": "/1Tmm",
        "elements": [
          {
            "type": "rich_text_section",
            "elements": [
              {
                "type": "text",
                "text": "WAIS members!! As you saw in the "
              },
              {
                "type": "channel",
                "channel_id": "C0HM9NNGK"
              },
              {
                "type": "text",
                "text": " from AIS this morning, there are a TON of Women in Business events being advertised this week! Here are the flyers for each of them! "
              },
              {
                "type": "text",
                "text": "\n"
              },
              {
                "type": "emoji",
                "name": "sirenlight"
              },
              {
                "type": "text",
                "text": " There are only a few spots left for the Q\u0026A with Sister Sheri Dew, and same with the event with Cyndi Tetro!! \nCyndi also runs the Women Tech Council and SheTech, two great events that WAIS has participated in! Please come to support her if "
              },
              {
                "type": "text",
                "text": "you’re"
              },
              {
                "type": "text",
                "text": " able to!"
              }
            ]
          }
        ]
      }
    ],
    "user_team": "T0B72NU6T",
    "source_team": "T0B72NU6T",
    "user_profile": {
      "avatar_hash": "",
      "image_72": "https://avatars.slack-edge.com/2024-09-01/7654622677622_534ed950fd434df6ceeb_72.png",
      "first_name": "Annabelle",
      "real_name": "Annabelle Baker",
      "display_name": "Annabelle Baker",
      "team": "T0B72NU6T",
      "name": "abbaker",
      "is_restricted": false,
      "is_ultra_restricted": false
    }
  },
  {
    "client_msg_id": "7F5ED51D-AE8C-4D4D-8870-A0FE60D69D4E",
    "type": "message",
    "user": "U06M0EL5SF8",
    "ts": "1760384570.914059",
    "files": [
      {
        "id": "F09L368NAEP",
        "created": 1760384568,
        "timestamp": 1760384568,
        "name": "IMG_7802.jpg",
        "title": "IMG_7802",
        "mimetype": "image/jpeg",
        "image_exif_rotation": 0,
        "filetype": "jpg",
        "pretty_type": "JPEG",
        "user": "U06M0EL5SF8",
        "mode": "hosted",
        "editable": false,
        "is_external": false,
        "external_type": "",
        "size": 116152,
        "url": "",
        "url_download": "",
        "url_private": "https://files.slack.com/files-pri/T0B72NU6T-F09L368NAEP/img_7802.jpg",
        "url_private_download": "https://files.slack.com/files-pri/T0B72NU6T-F09L368NAEP/download/img_7802.jpg",
        "original_h": 1193,
        "original_w": 1179,
        "thumb_64": "https://files.slack.com/files-tmb/T0B72NU6T-F09L368NAEP-a3f3e0a2cd/img_7802_64.jpg",
        "thumb_80": "https://files.slack.com/files-tmb/T0B72NU6T-F09L368NAEP-a3f3e0a2cd/img_7802_80.jpg",
        "thumb_160": "https://files.slack.com/files-tmb/T0B72NU6T-F09L368NAEP-a3f3e0a2cd/img_7802_160.jpg",
        "thumb_360": "https://files.slack.com/files-tmb/T0B72NU6T-F09L368NAEP-a3f3e0a2cd/img_7802_360.jpg",
        "thumb_360_gif": "",
        "thumb_360_w": 356,
        "thumb_360_h": 360,
        "thumb_480": "https://files.slack.com/files-tmb/T0B72NU6T-F09L368NAEP-a3f3e0a2cd/img_7802_480.jpg",
        "thumb_480_w": 474,
        "thumb_480_h": 480,
        "thumb_720": "https://files.slack.com/files-tmb/T0B72NU6T-F09L368NAEP-a3f3e0a2cd/img_7802_720.jpg",
        "thumb_720_w": 712,
        "thumb_720_h": 720,
        "thumb_960": "https://files.slack.com/files-tmb/T0B72NU6T-F09L368NAEP-a3f3e0a2cd/img_7802_960.jpg",
        "thumb_960_w": 949,
        "thumb_960_h": 960,
        "thumb_1024": "https://files.slack.com/files-tmb/T0B72NU6T-F09L368NAEP-a3f3e0a2cd/img_7802_1024.jpg",
        "thumb_1024_w": 1012,
        "thumb_1024_h": 1024,
        "permalink": "https://byu-is.slack.com/files/U09AR6XNZRU/F09L368NAEP/img_7802.jpg",
        "permalink_public": "https://slack-files.com/T0B72NU6T-F09L368NAEP-1661f6ce56",
        "edit_link": "",
        "preview": "",
        "preview_highlight": "",
        "lines": 0,
        "lines_more": 0,
        "is_public": true,
        "public_url_shared": false,
        "channels": null,
        "groups": null,
        "ims": null,
        "initial_comment": {},
        "comments_count": 0,
        "num_stars": 0,
        "is_starred": false,
        "shares": {
          "public": null,
          "private": null
        },
        "subject": "",
        "to": null,
        "from": null,
        "cc": null,
        "headers": {
          "date": "",
          "in_reply_to": "",
          "reply_to": "",
          "message_id": ""
        }
      },
      {
        "id": "F09KU4KCD6K",
        "created": 1760384568,
        "timestamp": 1760384568,
        "name": "IMG_7800.jpg",
        "title": "IMG_7800",
        "mimetype": "image/jpeg",
        "image_exif_rotation": 0,
        "filetype": "jpg",
        "pretty_type": "JPEG",
        "user": "U06M0EL5SF8",
        "mode": "hosted",
        "editable": false,
        "is_external": false,
        "external_type": "",
        "size": 131670,
        "url": "",
        "url_download": "",
        "url_private": "https://files.slack.com/files-pri/T0B72NU6T-F09KU4KCD6K/img_7800.jpg",
        "url_private_download": "https://files.slack.com/files-pri/T0B72NU6T-F09KU4KCD6K/download/img_7800.jpg",
        "original_h": 1460,
        "original_w": 1179,
        "thumb_64": "https://files.slack.com/files-tmb/T0B72NU6T-F09KU4KCD6K-761382293f/img_7800_64.jpg",
        "thumb_80": "https://files.slack.com/files-tmb/T0B72NU6T-F09KU4KCD6K-761382293f/img_7800_80.jpg",
        "thumb_160": "https://files.slack.com/files-tmb/T0B72NU6T-F09KU4KCD6K-761382293f/img_7800_160.jpg",
        "thumb_360": "https://files.slack.com/files-tmb/T0B72NU6T-F09KU4KCD6K-761382293f/img_7800_360.jpg",
        "thumb_360_gif": "",
        "thumb_360_w": 291,
        "thumb_360_h": 360,
        "thumb_480": "https://files.slack.com/files-tmb/T0B72NU6T-F09KU4KCD6K-761382293f/img_7800_480.jpg",
        "thumb_480_w": 388,
        "thumb_480_h": 480,
        "thumb_720": "https://files.slack.com/files-tmb/T0B72NU6T-F09KU4KCD6K-761382293f/img_7800_720.jpg",
        "thumb_720_w": 581,
        "thumb_720_h": 720,
        "thumb_960": "https://files.slack.com/files-tmb/T0B72NU6T-F09KU4KCD6K-761382293f/img_7800_960.jpg",
        "thumb_960_w": 775,
        "thumb_960_h": 960,
        "thumb_1024": "https://files.slack.com/files-tmb/T0B72NU6T-F09KU4KCD6K-761382293f/img_7800_1024.jpg",
        "thumb_1024_w": 827,
        "thumb_1024_h": 1024,
        "permalink": "https://byu-is.slack.com/files/U09AR6XNZRU/F09KU4KCD6K/img_7800.jpg",
        "permalink_public": "https://slack-files.com/T0B72NU6T-F09KU4KCD6K-b4b3f89fc9",
        "edit_link": "",
        "preview": "",
        "preview_highlight": "",
        "lines": 0,
        "lines_more": 0,
        "is_public": true,
        "public_url_shared": false,
        "channels": null,
        "groups": null,
        "ims": null,
        "initial_comment": {},
        "comments_count": 0,
        "num_stars": 0,
        "is_starred": false,
        "shares": {
          "public": null,
          "private": null
        },
        "subject": "",
        "to": null,
        "from": null,
        "cc": null,
        "headers": {
          "date": "",
          "in_reply_to": "",
          "reply_to": "",
          "message_id": ""
        }
      },
      {
        "id": "F09L9JENVHQ",
        "created": 1760384568,
        "timestamp": 1760384568,
        "name": "IMG_7799.jpg",
        "title": "IMG_7799",
        "mimetype": "image/jpeg",
        "image_exif_rotation": 0,
        "filetype": "jpg",
        "pretty_type": "JPEG",
        "user": "U06M0EL5SF8",
        "mode": "hosted",
        "editable": false,
        "is_external": false,
        "external_type": "",
        "size": 156233,
        "url": "",
        "url_download": "",
        "url_private": "https://files.slack.com/files-pri/T0B72NU6T-F09L9JENVHQ/img_7799.jpg",
        "url_private_download": "https://files.slack.com/files-pri/T0B72NU6T-F09L9JENVHQ/download/img_7799.jpg",
        "original_h": 1465,
        "original_w": 1179,
        "thumb_64": "https://files.slack.com/files-tmb/T0B72NU6T-F09L9JENVHQ-c36b8d4d84/img_7799_64.jpg",
        "thumb_80": "https://files.slack.com/files-tmb/T0B72NU6T-F09L9JENVHQ-c36b8d4d84/img_7799_80.jpg",
        "thumb_160": "https://files.slack.com/files-tmb/T0B72NU6T-F09L9JENVHQ-c36b8d4d84/img_7799_160.jpg",
        "thumb_360": "https://files.slack.com/files-tmb/T0B72NU6T-F09L9JENVHQ-c36b8d4d84/img_7799_360.jpg",
        "thumb_360_gif": "",
        "thumb_360_w": 290,
        "thumb_360_h": 360,
        "thumb_480": "https://files.slack.com/files-tmb/T0B72NU6T-F09L9JENVHQ-c36b8d4d84/img_7799_480.jpg",
        "thumb_480_w": 386,
        "thumb_480_h": 480,
        "thumb_720": "https://files.slack.com/files-tmb/T0B72NU6T-F09L9JENVHQ-c36b8d4d84/img_7799_720.jpg",
        "thumb_720_w": 579,
        "thumb_720_h": 720,
        "thumb_960": "https://files.slack.com/files-tmb/T0B72NU6T-F09L9JENVHQ-c36b8d4d84/img_7799_960.jpg",
        "thumb_960_w": 773,
        "thumb_960_h": 960,
        "thumb_1024": "https://files.slack.com/files-tmb/T0B72NU6T-F09L9JENVHQ-c36b8d4d84/img_7799_1024.jpg",
        "thumb_1024_w": 824,
        "thumb_1024_h": 1024,
        "permalink": "https://byu-is.slack.com/files/U09AR6XNZRU/F09L9JENVHQ/img_7799.jpg",
        "permalink_public": "https://slack-files.com/T0B72NU6T-F09L9JENVHQ-ac8f73b647",
        "edit_link": "",
        "preview": "",
        "preview_highlight": "",
        "lines": 0,
        "lines_more": 0,
        "is_public": true,
        "public_url_shared": false,
        "channels": null,
        "groups": null,
        "ims": null,
        "initial_comment": {},
        "comments_count": 0,
        "num_stars": 0,
        "is_starred": false,
        "shares": {
          "public": null,
          "private": null
        },
        "subject": "",
        "to": null,
        "from": null,
        "cc": null,
        "headers": {
          "date": "",
          "in_reply_to": "",
          "reply_to": "",
          "message_id": ""
        }
      },
      {
        "id": "F09M3S4H9TJ",
        "created": 1760384568,
        "timestamp": 1760384568,
        "name": "IMG_7798.jpg",
        "title": "IMG_7798",
        "mimetype": "image/jpeg",
        "image_exif_rotation": 0,
        "filetype": "jpg",
        "pretty_type": "JPEG",
        "user": "U06M0EL5SF8",
        "mode": "hosted",
        "editable": false,
        "is_external": false,
        "external_type": "",
        "size": 149354,
        "url": "",
        "url_download": "",
        "url_private": "https://files.slack.com/files-pri/T0B72NU6T-F09M3S4H9TJ/img_7798.jpg",
        "url_private_download": "https://files.slack.com/files-pri/T0B72NU6T-F09M3S4H9TJ/download/img_7798.jpg",
        "original_h": 1457,
        "original_w": 1179,
        "thumb_64": "https://files.slack.com/files-tmb/T0B72NU6T-F09M3S4H9TJ-f6153d4057/img_7798_64.jpg",
        "thumb_80": "https://files.slack.com/files-tmb/T0B72NU6T-F09M3S4H9TJ-f6153d4057/img_7798_80.jpg",
        "thumb_160": "https://files.slack.com/files-tmb/T0B72NU6T-F09M3S4H9TJ-f6153d4057/img_7798_160.jpg",
        "thumb_360": "https://files.slack.com/files-tmb/T0B72NU6T-F09M3S4H9TJ-f6153d4057/img_7798_360.jpg",
        "thumb_360_gif": "",
        "thumb_360_w": 291,
        "thumb_360_h": 360,
        "thumb_480": "https://files.slack.com/files-tmb/T0B72NU6T-F09M3S4H9TJ-f6153d4057/img_7798_480.jpg",
        "thumb_480_w": 388,
        "thumb_480_h": 480,
        "thumb_720": "https://files.slack.com/files-tmb/T0B72NU6T-F09M3S4H9TJ-f6153d4057/img_7798_720.jpg",
        "thumb_720_w": 583,
        "thumb_720_h": 720,
        "thumb_960": "https://files.slack.com/files-tmb/T0B72NU6T-F09M3S4H9TJ-f6153d4057/img_7798_960.jpg",
        "thumb_960_w": 777,
        "thumb_960_h": 960,
        "thumb_1024": "https://files.slack.com/files-tmb/T0B72NU6T-F09M3S4H9TJ-f6153d4057/img_7798_1024.jpg",
        "thumb_1024_w": 829,
        "thumb_1024_h": 1024,
        "permalink": "https://byu-is.slack.com/files/U09AR6XNZRU/F09M3S4H9TJ/img_7798.jpg",
        "permalink_public": "https://slack-files.com/T0B72NU6T-F09M3S4H9TJ-bcbbab0d72",
        "edit_link": "",
        "preview": "",
        "preview_highlight": "",
        "lines": 0,
        "lines_more": 0,
        "is_public": true,
        "public_url_shared": false,
        "channels": null,
        "groups": null,
        "ims": null,
        "initial_comment": {},
        "comments_count": 0,
        "num_stars": 0,
        "is_starred": false,
        "shares": {
          "public": null,
          "private": null
        },
        "subject": "",
        "to": null,
        "from": null,
        "cc": null,
        "headers": {
          "date": "",
          "in_reply_to": "",
          "reply_to": "",
          "message_id": ""
        }
      }
    ],
    "reactions": [
      {
        "name": "partyparrot",
        "count": 2,
        "users": [
          "U05QYKUN9AR",
          "U0PQUR0AK"
        ]
      },
      {
        "name": "lfg",
        "count": 2,
        "users": [
          "U05QYKUN9AR",
          "U0PQUR0AK"
        ]
      }
    ],
    "replace_original": false,
    "delete_original": false,
    "metadata": {
      "event_type": "",
      "event_payload": null
    },
    "blocks": null,
    "user_profile": {
      "avatar_hash": "",
      "image_72": "https://avatars.slack-edge.com/2024-09-01/7654622677622_534ed950fd434df6ceeb_72.png",
      "first_name": "Annabelle",
      "real_name": "Annabelle Baker",
      "display_name": "Annabelle Baker",
      "team": "T0B72NU6T",
      "name": "abbaker",
      "is_restricted": false,
      "is_ultra_restricted": false
    }
  },
  {
    "client_msg_id": "E216AA2A-9B4E-4F8B-93F5-890CD6682A6F",
    "type": "message",
    "user": "U06M0EL5SF8",
    "text": "Check out the details for each of these events here!! :link: \u003chttps://byu-is.slack.com/archives/C0HM9NNGK/p1760370321701939|https://byu-is.slack.com/archives/C0HM9NNGK/p1760370321701939\u003e",
    "ts": "1760384606.656379",
    "attachments": [
      {
        "fallback": "[October 13th, 2025 8:45 AM] aisadmin: Goood morning x2 \u003c!channel\u003e! :dance_vibe: Let’s get hyped for this week!! :party_blob:  It’s that time of the year to break out those jackets and enjoy the fall weather! :maple_leaf: (Don’t forget to touch some grass before it’s all gone under the snow…) :snowman_without_snow:\n\nInformation will continue to be updated in this message, so remember to check Slack throughout the week! :eyes:\n\n*Hearing Heaven* :mostly_sunny:\n*WHAT:* Join a women in business Q\u0026amp;A with Sheri Dew!\n*WHEN:* Wednesday, 10/15, @3-4pm\n*WHERE:* 710 TNRB\n*FOOD*: Refreshments\n\n*Honored Alumni Lecture* :coke:\n*WHAT:* Cyndi Tetro is coming to tell us more about Disney, Coke, and Marvel! :captain_america:\n*WHEN:* Thursday, 10/16 @11am\n*WHERE:* Hinckley Lower Level Conference Room\n\n*Scaling your Startup* :up:\n*WHAT:* Learn from Sarah Davis in a Women in Business Mentor Session!\n*WHEN:* Thursday, 10/16, @3pm\n*WHERE:* W352 TNRB\n*Apply here* to be mentored! \u003chttps://marriott.byu.edu/event/wibmentorsession\u003e\n\n*TechNite* :computer:\n*WHAT: TBA*\n*WHEN:* Thursday, 10/16 @ 7pm-9pm\n*WHERE:* TNRB W328\n\n*A-Team* :extreme-teamwork:\n*WHAT*: If you're looking to contribute to AIS and are thinking about being a part of leadership, come have breakfast and see how you can help with Activities, WAIS, and Marketing!\n*WHEN:* Friday*,* 10/17 @9am\n*WHERE*: TNRB W308\n*FOOD*: Breakfast!\n\n*NAC Service project* \n*WHAT:* Help assemble hygiene kits for women, refugees, and network with BYU Marriott NAC members!\n*WHEN:* Friday, 10/17 @2:30pm-3:45pm\n*WHERE:* 3rd Floor Hinckley Building\n*FOOD:* Soda bar and charcuterie board :cup_with_straw::cheese_wedge:\n\n*2025 Redo Homecoming Hackathon* :hacker_memeq:\n*WHAT:* Win up to $5K in prizes at the redo hackathon! Teams consist of all skill levels with alumni mentors\n*WHEN:* Friday, 10/17 @5:30pm TO Saturday, @1:30pm\n*Register here!* \u003chttps://commerce.cashnet.com/cashnetg/static/storefront/WEBCS/catalog\u003e",
        "id": 1,
        "author_id": "U0HM7RR6Z",
        "author_name": "AIS Admin",
        "author_subname": "AIS Admin",
        "author_link": "https://byu-is.slack.com/team/U0HM7RR6Z",
        "author_icon": "https://avatars.slack-edge.com/2016-09-08/77690983955_f39dc710c4050e9378e7_48.png",
        "text": "Goood morning x2 \u003c!channel\u003e! :dance_vibe: Let’s get hyped for this week!! :party_blob:  It’s that time of the year to break out those jackets and enjoy the fall weather! :maple_leaf: (Don’t forget to touch some grass before it’s all gone under the snow…) :snowman_without_snow:\n\nInformation will continue to be updated in this message, so remember to check Slack throughout the week! :eyes:\n\n*Hearing Heaven* :mostly_sunny:\n*WHAT:* Join a women in business Q\u0026amp;A with Sheri Dew!\n*WHEN:* Wednesday, 10/15, @3-4pm\n*WHERE:* 710 TNRB\n*FOOD*: Refreshments\n\n*Honored Alumni Lecture* :coke:\n*WHAT:* Cyndi Tetro is coming to tell us more about Disney, Coke, and Marvel! :captain_america:\n*WHEN:* Thursday, 10/16 @11am\n*WHERE:* Hinckley Lower Level Conference Room\n\n*Scaling your Startup* :up:\n*WHAT:* Learn from Sarah Davis in a Women in Business Mentor Session!\n*WHEN:* Thursday, 10/16, @3pm\n*WHERE:* W352 TNRB\n*Apply here* to be mentored! \u003chttps://marriott.byu.edu/event/wibmentorsession\u003e\n\n*TechNite* :computer:\n*WHAT: TBA*\n*WHEN:* Thursday, 10/16 @ 7pm-9pm\n*WHERE:* TNRB W328\n\n*A-Team* :extreme-teamwork:\n*WHAT*: If you're looking to contribute to AIS and are thinking about being a part of leadership, come have breakfast and see how you can help with Activities, WAIS, and Marketing!\n*WHEN:* Friday*,* 10/17 @9am\n*WHERE*: TNRB W308\n*FOOD*: Breakfast!\n\n*NAC Service project* \n*WHAT:* Help assemble hygiene kits for women, refugees, and network with BYU Marriott NAC members!\n*WHEN:* Friday, 10/17 @2:30pm-3:45pm\n*WHERE:* 3rd Floor Hinckley Building\n*FOOD:* Soda bar and charcuterie board :cup_with_straw::cheese_wedge:\n\n*2025 Redo Homecoming Hackathon* :hacker_memeq:\n*WHAT:* Win up to $5K in prizes at the redo hackathon! Teams consist of all skill levels with alumni mentors\n*WHEN:* Friday, 10/17 @5:30pm TO Saturday, @1:30pm\n*Register here!* \u003chttps://commerce.cashnet.com/cashnetg/static/storefront/WEBCS/catalog\u003e",
        "from_url": "https://byu-is.slack.com/archives/C0HM9NNGK/p1760370321701939",
        "original_url": "https://byu-is.slack.com/archives/C0HM9NNGK/p1760370321701939",
        "mrkdwn_in": [
          "text"
        ],
        "blocks": null,
        "footer": "Thread in Slack Conversation",
        "ts": 1760370321.701939
      }
    ],
    "team": "T0B72NU6T",
    "replace_original": false,
    "delete_original": false,
    "metadata": {
      "event_type": "",
      "event_payload": null
    },
    "blocks": [
      {
        "type": "rich_text",
        "block_id": "33o2t",
        "elements": [
          {
            "type": "rich_text_section",
            "elements": [
              {
                "type": "text",
                "text": "Check out the details for each of these events here!! "
              },
              {
                "type": "emoji",
                "name": "link",
                "unicode": "1f517"
              },
              {
                "type": "text",
                "text": " "
              },
              {
                "type": "link",
                "url": "https://byu-is.slack.com/archives/C0HM9NNGK/p1760370321701939",
                "text": "https://byu-is.slack.com/archives/C0HM9NNGK/p1760370321701939"
              }
            ]
          }
        ]
      }
    ],
    "user_team": "T0B72NU6T",
    "source_team": "T0B72NU6T",
    "user_profile": {
      "avatar_hash": "",
      "image_72": "https://avatars.slack-edge.com/2024-09-01/7654622677622_534ed950fd434df6ceeb_72.png",
      "first_name": "Annabelle",
      "real_name": "Annabelle Baker",
      "display_name": "Annabelle Baker",
      "team": "T0B72NU6T",
      "name": "abbaker",
      "is_restricted": false,
      "is_ultra_restricted": false
    }
  }
]
