[
  {
    "client_msg_id": "F012B886-D76D-4313-868E-8E3E21D3EBD0",
    "type": "message",
    "user": "U07L562Q0UW",
    "text": "Spotlight for Allie Mitchell! :sparkles:\n\nAllie is from Frederick, Maryland, and she loves pilates, lake days, paddle boarding, doing her friends’ nails :nail_care:\n\nShe is currently pursuing Data Engineering and Automation, figuring things out one day at a time. Her favorite class so far has been Managing a Software Startup.\n\nShe’s trying to visit all 7 continents by the time she turns 25, and after graduation she plans on going to Australia and Asia! :koala:",
    "ts": "1758732784.154579",
    "thread_ts": "1758732784.154579",
    "reply_count": 4,
    "reply_users": [
      "U02FC4PJ3H8",
      "U05QYKUN9AR",
      "U05R1HALJSW",
      "U06M0EL5SF8"
    ],
    "replies": [
      {
        "user": "U02FC4PJ3H8",
        "ts": "1758733170.844699"
      },
      {
        "user": "U06M0EL5SF8",
        "ts": "1758733570.741469"
      },
      {
        "user": "U05QYKUN9AR",
        "ts": "1758733911.950099"
      },
      {
        "user": "U05R1HALJSW",
        "ts": "1758742856.034209"
      }
    ],
    "latest_reply": "1758742856.034209",
    "files": [
      {
        "id": "F09GGT3Q5LP",
        "created": 1758732759,
        "timestamp": 1758732759,
        "name": "Alexandra-Headshots-2.jpg",
        "title": "Alexandra-Headshots-2",
        "mimetype": "image/jpeg",
        "image_exif_rotation": 0,
        "filetype": "jpg",
        "pretty_type": "JPEG",
        "user": "U07L562Q0UW",
        "mode": "hosted",
        "editable": false,
        "is_external": false,
        "external_type": "",
        "size": 1616079,
        "url": "",
        "url_download": "",
        "url_private": "https://files.slack.com/files-pri/T0B72NU6T-F09GGT3Q5LP/alexandra-headshots-2.jpg",
        "url_private_download": "https://files.slack.com/files-pri/T0B72NU6T-F09GGT3Q5LP/download/alexandra-headshots-2.jpg",
        "original_h": 3834,
        "original_w": 5748,
        "thumb_64": "https://files.slack.com/files-tmb/T0B72NU6T-F09GGT3Q5LP-2db07f816a/alexandra-headshots-2_64.jpg",
        "thumb_80": "https://files.slack.com/files-tmb/T0B72NU6T-F09GGT3Q5LP-2db07f816a/alexandra-headshots-2_80.jpg",
        "thumb_160": "https://files.slack.com/files-tmb/T0B72NU6T-F09GGT3Q5LP-2db07f816a/alexandra-headshots-2_160.jpg",
        "thumb_360": "https://files.slack.com/files-tmb/T0B72NU6T-F09GGT3Q5LP-2db07f816a/alexandra-headshots-2_360.jpg",
        "thumb_360_gif": "",
        "thumb_360_w": 360,
        "thumb_360_h": 240,
        "thumb_480": "https://files.slack.com/files-tmb/T0B72NU6T-F09GGT3Q5LP-2db07f816a/alexandra-headshots-2_480.jpg",
        "thumb_480_w": 480,
        "thumb_480_h": 320,
        "thumb_720": "https://files.slack.com/files-tmb/T0B72NU6T-F09GGT3Q5LP-2db07f816a/alexandra-headshots-2_720.jpg",
        "thumb_720_w": 720,
        "thumb_720_h": 480,
        "thumb_960": "https://files.slack.com/files-tmb/T0B72NU6T-F09GGT3Q5LP-2db07f816a/alexandra-headshots-2_960.jpg",
        "thumb_960_w": 960,
        "thumb_960_h": 640,
        "thumb_1024": "https://files.slack.com/files-tmb/T0B72NU6T-F09GGT3Q5LP-2db07f816a/alexandra-headshots-2_1024.jpg",
        "thumb_1024_w": 1024,
        "thumb_1024_h": 683,
        "permalink": "https://byu-is.slack.com/files/U09AR6XNZRU/F09GGT3Q5LP/alexandra-headshots-2.jpg",
        "permalink_public": "https://slack-files.com/T0B72NU6T-F09GGT3Q5LP-46de6afcbb",
        "edit_link": "",
        "preview": "",
        "preview_highlight": "",
        "lines": 0,
        "lines_more": 0,
        "is_public": true,
        "public_url_shared": false,
        "channels": null,
        "groups": null,
        "ims": null,
        "initial_comment": {},
        "comments_count": 0,
        "num_stars": 0,
        "is_starred": false,
        "shares": {
          "public": null,
          "private": null
        },
        "subject": "",
        "to": null,
        "from": null,
        "cc": null,
        "headers": {
          "date": "",
          "in_reply_to": "",
          "reply_to": "",
          "message_id": ""
        }
      },
      {
        "id": "F09HBGZDCQ1",
        "created": 1758732759,
        "timestamp": 1758732759,
        "name": "Alexandra-Headshots-29.jpg",
        "title": "Alexandra-Headshots-29",
        "mimetype": "image/jpeg",
        "image_exif_rotation": 0,
        "filetype": "jpg",
        "pretty_type": "JPEG",
        "user": "U07L562Q0UW",
        "mode": "hosted",
        "editable": false,
        "is_external": false,
        "external_type": "",
        "size": 2176227,
        "url": "",
        "url_download": "",
        "url_private": "https://files.slack.com/files-pri/T0B72NU6T-F09HBGZDCQ1/alexandra-headshots-29.jpg",
        "url_private_download": "https://files.slack.com/files-pri/T0B72NU6T-F09HBGZDCQ1/download/alexandra-headshots-29.jpg",
        "original_h": 4787,
        "original_w": 7177,
        "thumb_64": "https://files.slack.com/files-tmb/T0B72NU6T-F09HBGZDCQ1-9ba9018ed5/alexandra-headshots-29_64.jpg",
        "thumb_80": "https://files.slack.com/files-tmb/T0B72NU6T-F09HBGZDCQ1-9ba9018ed5/alexandra-headshots-29_80.jpg",
        "thumb_160": "https://files.slack.com/files-tmb/T0B72NU6T-F09HBGZDCQ1-9ba9018ed5/alexandra-headshots-29_160.jpg",
        "thumb_360": "https://files.slack.com/files-tmb/T0B72NU6T-F09HBGZDCQ1-9ba9018ed5/alexandra-headshots-29_360.jpg",
        "thumb_360_gif": "",
        "thumb_360_w": 360,
        "thumb_360_h": 240,
        "thumb_480": "https://files.slack.com/files-tmb/T0B72NU6T-F09HBGZDCQ1-9ba9018ed5/alexandra-headshots-29_480.jpg",
        "thumb_480_w": 480,
        "thumb_480_h": 320,
        "thumb_720": "https://files.slack.com/files-tmb/T0B72NU6T-F09HBGZDCQ1-9ba9018ed5/alexandra-headshots-29_720.jpg",
        "thumb_720_w": 720,
        "thumb_720_h": 480,
        "thumb_960": "https://files.slack.com/files-tmb/T0B72NU6T-F09HBGZDCQ1-9ba9018ed5/alexandra-headshots-29_960.jpg",
        "thumb_960_w": 960,
        "thumb_960_h": 640,
        "thumb_1024": "https://files.slack.com/files-tmb/T0B72NU6T-F09HBGZDCQ1-9ba9018ed5/alexandra-headshots-29_1024.jpg",
        "thumb_1024_w": 1024,
        "thumb_1024_h": 683,
        "permalink": "https://byu-is.slack.com/files/U09AR6XNZRU/F09HBGZDCQ1/alexandra-headshots-29.jpg",
        "permalink_public": "https://slack-files.com/T0B72NU6T-F09HBGZDCQ1-909e7fdc69",
        "edit_link": "",
        "preview": "",
        "preview_highlight": "",
        "lines": 0,
        "lines_more": 0,
        "is_public": true,
        "public_url_shared": false,
        "channels": null,
        "groups": null,
        "ims": null,
        "initial_comment": {},
        "comments_count": 0,
        "num_stars": 0,
        "is_starred": false,
        "shares": {
          "public": null,
          "private": null
        },
        "subject": "",
        "to": null,
        "from": null,
        "cc": null,
        "headers": {
          "date": "",
          "in_reply_to": "",
          "reply_to": "",
          "message_id": ""
        }
      },
      {
        "id": "F09H30TPTBN",
        "created": 1758732759,
        "timestamp": 1758732759,
        "name": "Alexandra-Headshots-8.jpg",
        "title": "Alexandra-Headshots-8",
        "mimetype": "image/jpeg",
        "image_exif_rotation": 0,
        "filetype": "jpg",
        "pretty_type": "JPEG",
        "user": "U07L562Q0UW",
        "mode": "hosted",
        "editable": false,
        "is_external": false,
        "external_type": "",
        "size": 2105042,
        "url": "",
        "url_download": "",
        "url_private": "https://files.slack.com/files-pri/T0B72NU6T-F09H30TPTBN/alexandra-headshots-8.jpg",
        "url_private_download": "https://files.slack.com/files-pri/T0B72NU6T-F09H30TPTBN/download/alexandra-headshots-8.jpg",
        "original_h": 4673,
        "original_w": 7006,
        "thumb_64": "https://files.slack.com/files-tmb/T0B72NU6T-F09H30TPTBN-932ff9c634/alexandra-headshots-8_64.jpg",
        "thumb_80": "https://files.slack.com/files-tmb/T0B72NU6T-F09H30TPTBN-932ff9c634/alexandra-headshots-8_80.jpg",
        "thumb_160": "https://files.slack.com/files-tmb/T0B72NU6T-F09H30TPTBN-932ff9c634/alexandra-headshots-8_160.jpg",
        "thumb_360": "https://files.slack.com/files-tmb/T0B72NU6T-F09H30TPTBN-932ff9c634/alexandra-headshots-8_360.jpg",
        "thumb_360_gif": "",
        "thumb_360_w": 360,
        "thumb_360_h": 240,
        "thumb_480": "https://files.slack.com/files-tmb/T0B72NU6T-F09H30TPTBN-932ff9c634/alexandra-headshots-8_480.jpg",
        "thumb_480_w": 480,
        "thumb_480_h": 320,
        "thumb_720": "https://files.slack.com/files-tmb/T0B72NU6T-F09H30TPTBN-932ff9c634/alexandra-headshots-8_720.jpg",
        "thumb_720_w": 720,
        "thumb_720_h": 480,
        "thumb_960": "https://files.slack.com/files-tmb/T0B72NU6T-F09H30TPTBN-932ff9c634/alexandra-headshots-8_960.jpg",
        "thumb_960_w": 960,
        "thumb_960_h": 640,
        "thumb_1024": "https://files.slack.com/files-tmb/T0B72NU6T-F09H30TPTBN-932ff9c634/alexandra-headshots-8_1024.jpg",
        "thumb_1024_w": 1024,
        "thumb_1024_h": 683,
        "permalink": "https://byu-is.slack.com/files/U09AR6XNZRU/F09H30TPTBN/alexandra-headshots-8.jpg",
        "permalink_public": "https://slack-files.com/T0B72NU6T-F09H30TPTBN-495212917f",
        "edit_link": "",
        "preview": "",
        "preview_highlight": "",
        "lines": 0,
        "lines_more": 0,
        "is_public": true,
        "public_url_shared": false,
        "channels": null,
        "groups": null,
        "ims": null,
        "initial_comment": {},
        "comments_count": 0,
        "num_stars": 0,
        "is_starred": false,
        "shares": {
          "public": null,
          "private": null
        },
        "subject": "",
        "to": null,
        "from": null,
        "cc": null,
        "headers": {
          "date": "",
          "in_reply_to": "",
          "reply_to": "",
          "message_id": ""
        }
      }
    ],
    "reactions": [
      {
        "name": "heart",
        "count": 17,
        "users": [
          "U05SKG9JV88",
          "U0PQUR0AK",
          "U02FC4PJ3H8",
          "U06M0EL5SF8",
          "U05QYKUN9AR",
          "U032000QR6W",
          "U07LVCD4K9R",
          "U09F8TWL9SM",
          "U05R1HALJSW",
          "U04MA3J69K6",
          "U0HM7RR6Z",
          "U05RE6FJX6D",
          "U04NV7SDD44",
          "U073NUUJ6EQ",
          "U06637H9KA9",
          "U06KQUL7M09",
          "U05UD646G87"
        ]
      }
    ],
    "replace_original": false,
    "delete_original": false,
    "metadata": {
      "event_type": "",
      "event_payload": null
    },
    "blocks": [
      {
        "type": "rich_text",
        "block_id": "1iD/t",
        "elements": [
          {
            "type": "rich_text_section",
            "elements": [
              {
                "type": "text",
                "text": "Spotlight for Allie Mitchell! "
              },
              {
                "type": "emoji",
                "name": "sparkles",
                "unicode": "2728"
              },
              {
                "type": "text",
                "text": "\n"
              },
              {
                "type": "text",
                "text": "\n"
              },
              {
                "type": "text",
                "text": "Allie is from Frederick, Maryland, and she loves pilates, lake days, paddle boarding, doing her friends’ nails "
              },
              {
                "type": "emoji",
                "name": "nail_care",
                "unicode": "1f485"
              },
              {
                "type": "text",
                "text": "\n"
              },
              {
                "type": "text",
                "text": "\n"
              },
              {
                "type": "text",
                "text": "She is currently pursuing Data Engineering and Automation, figuring things out one day at a time. Her favorite class so far has been Managing a Software Startup.\n"
              },
              {
                "type": "text",
                "text": "\n"
              },
              {
                "type": "text",
                "text": "She’s trying to visit all 7 continents by the time she turns 25, and after graduation she plans on going to Australia and Asia! "
              },
              {
                "type": "emoji",
                "name": "koala",
                "unicode": "1f428"
              }
            ]
          }
        ]
      }
    ],
    "user_profile": {
      "avatar_hash": "",
      "image_72": "https://avatars.slack-edge.com/2025-01-13/8283323160981_4290ef99b88feba92f27_72.png",
      "first_name": "Lizzy",
      "real_name": "Lizzy Simmons",
      "display_name": "",
      "team": "T0B72NU6T",
      "name": "lizzymaesimmons",
      "is_restricted": false,
      "is_ultra_restricted": false
    },
    "reply_users_count": 4
  },
  {
    "client_msg_id": "d9950075-f965-422f-93e8-9c723aced237",
    "type": "message",
    "user": "U02FC4PJ3H8",
    "text": "Allie is the coolest!!",
    "ts": "1758733170.844699",
    "thread_ts": "1758732784.154579",
    "parent_user_id": "U07L562Q0UW",
    "team": "T0B72NU6T",
    "replace_original": false,
    "delete_original": false,
    "metadata": {
      "event_type": "",
      "event_payload": null
    },
    "blocks": [
      {
        "type": "rich_text",
        "block_id": "JJYWX",
        "elements": [
          {
            "type": "rich_text_section",
            "elements": [
              {
                "type": "text",
                "text": "Allie is the coolest!!"
              }
            ]
          }
        ]
      }
    ],
    "user_team": "T0B72NU6T",
    "source_team": "T0B72NU6T",
    "user_profile": {
      "avatar_hash": "",
      "image_72": "https://avatars.slack-edge.com/2024-09-04/7690145485345_44de23fa4c99c00294c5_72.jpg",
      "first_name": "Hailey",
      "real_name": "Hailey Aguiar",
      "display_name": "",
      "team": "T0B72NU6T",
      "name": "haileysanders82",
      "is_restricted": false,
      "is_ultra_restricted": false
    }
  },
  {
    "client_msg_id": "4AB26A1D-8074-4D2C-B72A-E0AE52D9BA6D",
    "type": "message",
    "user": "U06M0EL5SF8",
    "text": "WE LOVE ALLIE:heart_hands::heart_hands: \u003c@U05R1HALJSW\u003e ",
    "ts": "1758733570.741469",
    "thread_ts": "1758732784.154579",
    "edited": {
      "user": "U06M0EL5SF8",
      "ts": "1758733588.000000"
    },
    "parent_user_id": "U07L562Q0UW",
    "team": "T0B72NU6T",
    "replace_original": false,
    "delete_original": false,
    "metadata": {
      "event_type": "",
      "event_payload": null
    },
    "blocks": [
      {
        "type": "rich_text",
        "block_id": "NZQIC",
        "elements": [
          {
            "type": "rich_text_section",
            "elements": [
              {
                "type": "text",
                "text": "WE LOVE ALLIE"
              },
              {
                "type": "emoji",
                "name": "heart_hands",
                "unicode": "1faf6"
              },
              {
                "type": "emoji",
                "name": "heart_hands",
                "unicode": "1faf6"
              },
              {
                "type": "text",
                "text": " "
              },
              {
                "type": "user",
                "user_id": "U05R1HALJSW"
              },
              {
                "type": "text",
                "text": " "
              }
            ]
          }
        ]
      }
    ],
    "user_team": "T0B72NU6T",
    "source_team": "T0B72NU6T",
    "user_profile": {
      "avatar_hash": "",
      "image_72": "https://avatars.slack-edge.com/2024-09-01/7654622677622_534ed950fd434df6ceeb_72.png",
      "first_name": "Annabelle",
      "real_name": "Annabelle Baker",
      "display_name": "Annabelle Baker",
      "team": "T0B72NU6T",
      "name": "abbaker",
      "is_restricted": false,
      "is_ultra_restricted": false
    }
  },
  {
    "client_msg_id": "d2e39e27-12dd-4979-a987-906740eaefc4",
    "type": "message",
    "user": "U05QYKUN9AR",
    "text": "Yesss Allie!! She's a super woman :muscle:",
    "ts": "1758733911.950099",
    "thread_ts": "1758732784.154579",
    "parent_user_id": "U07L562Q0UW",
    "team": "T0B72NU6T",
    "replace_original": false,
    "delete_original": false,
    "metadata": {
      "event_type": "",
      "event_payload": null
    },
    "blocks": [
      {
        "type": "rich_text",
        "block_id": "8uxng",
        "elements": [
          {
            "type": "rich_text_section",
            "elements": [
              {
                "type": "text",
                "text": "Yesss Allie!! She's a super woman "
              },
              {
                "type": "emoji",
                "name": "muscle",
                "unicode": "1f4aa"
              }
            ]
          }
        ]
      }
    ],
    "user_team": "T0B72NU6T",
    "source_team": "T0B72NU6T",
    "user_profile": {
      "avatar_hash": "",
      "image_72": "https://avatars.slack-edge.com/2024-01-26/6552645357937_5db7bb38023203a14a98_72.png",
      "first_name": "Madison",
      "real_name": "Madison Hutchings",
      "display_name": "",
      "team": "T0B72NU6T",
      "name": "madhutch",
      "is_restricted": false,
      "is_ultra_restricted": false
    }
  },
  {
    "client_msg_id": "2BE3416A-2763-4102-B69B-B583F0F6F9C8",
    "type": "message",
    "user": "U05R1HALJSW",
    "text": "Awww :face_with_hand_over_mouth: :face_with_hand_over_mouth: :face_with_hand_over_mouth: ",
    "ts": "1758742856.034209",
    "thread_ts": "1758732784.154579",
    "parent_user_id": "U07L562Q0UW",
    "team": "T0B72NU6T",
    "replace_original": false,
    "delete_original": false,
    "metadata": {
      "event_type": "",
      "event_payload": null
    },
    "blocks": [
      {
        "type": "rich_text",
        "block_id": "DTq4o",
        "elements": [
          {
            "type": "rich_text_section",
            "elements": [
              {
                "type": "text",
                "text": "Awww "
              },
              {
                "type": "emoji",
                "name": "face_with_hand_over_mouth",
                "unicode": "1f92d"
              },
              {
                "type": "text",
                "text": " "
              },
              {
                "type": "emoji",
                "name": "face_with_hand_over_mouth",
                "unicode": "1f92d"
              },
              {
                "type": "text",
                "text": " "
              },
              {
                "type": "emoji",
                "name": "face_with_hand_over_mouth",
                "unicode": "1f92d"
              },
              {
                "type": "text",
                "text": " "
              }
            ]
          }
        ]
      }
    ],
    "user_team": "T0B72NU6T",
    "source_team": "T0B72NU6T",
    "user_profile": {
      "avatar_hash": "",
      "image_72": "https://avatars.slack-edge.com/2025-02-12/8446357930068_1977367ec758f7153f8b_72.jpg",
      "first_name": "Alexandra",
      "real_name": "Alexandra Mitchell",
      "display_name": "",
      "team": "T0B72NU6T",
      "name": "a.winnifred406",
      "is_restricted": false,
      "is_ultra_restricted": false
    }
  },
  {
    "client_msg_id": "ddee1df5-e116-46ed-b409-841502b03ef4",
    "type": "message",
    "user": "U06M0EL5SF8",
    "text": ":mega: :sirenlight: Attention all WAIS members!! :sirenlight::mega:\nPlease take a minute and follow our Instagram (byu_wais) if you aren't already following us to stay updated on events and announcements!! We have a few things planned for the semester and will be updating the Instagram regularly!",
    "ts": "1758754553.221719",
    "edited": {
      "user": "U06M0EL5SF8",
      "ts": "1758754853.000000"
    },
    "files": [
      {
        "id": "F09GWU8T56Z",
        "created": 1758750880,
        "timestamp": 1758750880,
        "name": "IMG_2872.jpg",
        "title": "WAIS Instagram",
        "mimetype": "image/jpeg",
        "image_exif_rotation": 0,
        "filetype": "jpg",
        "pretty_type": "JPEG",
        "user": "U06M0EL5SF8",
        "mode": "hosted",
        "editable": false,
        "is_external": false,
        "external_type": "",
        "size": 51440,
        "url": "",
        "url_download": "",
        "url_private": "https://files.slack.com/files-pri/T0B72NU6T-F09GWU8T56Z/img_2872.jpg",
        "url_private_download": "https://files.slack.com/files-pri/T0B72NU6T-F09GWU8T56Z/download/img_2872.jpg",
        "original_h": 1378,
        "original_w": 1375,
        "thumb_64": "https://files.slack.com/files-tmb/T0B72NU6T-F09GWU8T56Z-a7993ec190/img_2872_64.jpg",
        "thumb_80": "https://files.slack.com/files-tmb/T0B72NU6T-F09GWU8T56Z-a7993ec190/img_2872_80.jpg",
        "thumb_160": "https://files.slack.com/files-tmb/T0B72NU6T-F09GWU8T56Z-a7993ec190/img_2872_160.jpg",
        "thumb_360": "https://files.slack.com/files-tmb/T0B72NU6T-F09GWU8T56Z-a7993ec190/img_2872_360.jpg",
        "thumb_360_gif": "",
        "thumb_360_w": 359,
        "thumb_360_h": 360,
        "thumb_480": "https://files.slack.com/files-tmb/T0B72NU6T-F09GWU8T56Z-a7993ec190/img_2872_480.jpg",
        "thumb_480_w": 479,
        "thumb_480_h": 480,
        "thumb_720": "https://files.slack.com/files-tmb/T0B72NU6T-F09GWU8T56Z-a7993ec190/img_2872_720.jpg",
        "thumb_720_w": 718,
        "thumb_720_h": 720,
        "thumb_960": "https://files.slack.com/files-tmb/T0B72NU6T-F09GWU8T56Z-a7993ec190/img_2872_960.jpg",
        "thumb_960_w": 958,
        "thumb_960_h": 960,
        "thumb_1024": "https://files.slack.com/files-tmb/T0B72NU6T-F09GWU8T56Z-a7993ec190/img_2872_1024.jpg",
        "thumb_1024_w": 1022,
        "thumb_1024_h": 1024,
        "permalink": "https://byu-is.slack.com/files/U09AR6XNZRU/F09GWU8T56Z/img_2872.jpg",
        "permalink_public": "https://slack-files.com/T0B72NU6T-F09GWU8T56Z-6f5d00cd2a",
        "edit_link": "",
        "preview": "",
        "preview_highlight": "",
        "lines": 0,
        "lines_more": 0,
        "is_public": true,
        "public_url_shared": false,
        "channels": null,
        "groups": null,
        "ims": null,
        "initial_comment": {},
        "comments_count": 0,
        "num_stars": 0,
        "is_starred": false,
        "shares": {
          "public": null,
          "private": null
        },
        "subject": "",
        "to": null,
        "from": null,
        "cc": null,
        "headers": {
          "date": "",
          "in_reply_to": "",
          "reply_to": "",
          "message_id": ""
        }
      }
    ],
    "reactions": [
      {
        "name": "eyes",
        "count": 1,
        "users": [
          "U05QYKUN9AR"
        ]
      },
      {
        "name": "byrd",
        "count": 4,
        "users": [
          "U05QYKUN9AR",
          "U06KQUL7M09",
          "U04MA3J69K6",
          "U063NJ69S4X"
        ]
      },
      {
        "name": "heart",
        "count": 5,
        "users": [
          "U064Y5J9WPM",
          "U0PQUR0AK",
          "U06KQUL7M09",
          "U07T843R21F",
          "U063NJ69S4X"
        ]
      },
      {
        "name": "raised_hands",
        "count": 3,
        "users": [
          "U064Y5J9WPM",
          "U062Q2PUL5V",
          "U07N9AC5CAV"
        ]
      },
      {
        "name": "dancer",
        "count": 2,
        "users": [
          "U064Y5J9WPM",
          "U06KQUL7M09"
        ]
      },
      {
        "name": "gift_heart",
        "count": 3,
        "users": [
          "U064Y5J9WPM",
          "U06637H9KA9",
          "U06KQUL7M09"
        ]
      },
      {
        "name": "purple_heart",
        "count": 2,
        "users": [
          "U0HM7RR6Z",
          "U04MA3J69K6"
        ]
      }
    ],
    "replace_original": false,
    "delete_original": false,
    "metadata": {
      "event_type": "",
      "event_payload": null
    },
    "blocks": [
      {
        "type": "rich_text",
        "block_id": "MBOA7",
        "elements": [
          {
            "type": "rich_text_section",
            "elements": [
              {
                "type": "emoji",
                "name": "mega",
                "unicode": "1f4e3"
              },
              {
                "type": "text",
                "text": " "
              },
              {
                "type": "emoji",
                "name": "sirenlight"
              },
              {
                "type": "text",
                "text": " Attention all WAIS members!! "
              },
              {
                "type": "emoji",
                "name": "sirenlight"
              },
              {
                "type": "emoji",
                "name": "mega",
                "unicode": "1f4e3"
              },
              {
                "type": "text",
                "text": "\nPlease take a minute and follow our Instagram (byu_wais) if you aren't already following us to stay updated on events and announcements!! We have a few things planned for the semester and will be updating the Instagram regularly!"
              }
            ]
          }
        ]
      }
    ],
    "user_profile": {
      "avatar_hash": "",
      "image_72": "https://avatars.slack-edge.com/2024-09-01/7654622677622_534ed950fd434df6ceeb_72.png",
      "first_name": "Annabelle",
      "real_name": "Annabelle Baker",
      "display_name": "Annabelle Baker",
      "team": "T0B72NU6T",
      "name": "abbaker",
      "is_restricted": false,
      "is_ultra_restricted": false
    }
  }
]
