[
  {
    "client_msg_id": "f059daab-cb11-4b81-9ec0-83d1d33194b2",
    "type": "message",
    "user": "U06M0EL5SF8",
    "text": "hello WAIS members! :purple_heart: we are collabing with Women in Computer Science and Women in Statistics for an event coming up next Tuesday! Our WAIS alumni, Marissa Twitchell, will be speaking to us and talking about using our strengths in the tech industry. This will be a great opportunity to meet other women in tech majors, as well as come together as WAIS. Please join us next week by RSVPing using this link:\n:link: \u003chttps://luma.com/a6d2mszs\u003e\nAlso spread the word to others who may be interested in attending! There will also be BYU mint brownies served :eyes:",
    "ts": "1762289743.599169",
    "attachments": [
      {
        "fallback": "Encouraging Women in the Tech Industry · Luma",
        "id": 1,
        "title": "Encouraging Women in the Tech Industry · Luma",
        "title_link": "https://luma.com/a6d2mszs",
        "text": "Women in Information Systems (WAIS), Computer Science (WICS) and Statistics (WiStats)\nFor all WAIS x WICS x WiStats members and invited guests! Come join us…",
        "service_name": "luma.com",
        "service_icon": "https://luma.com/apple-touch-icon.png",
        "from_url": "https://luma.com/a6d2mszs",
        "original_url": "https://luma.com/a6d2mszs",
        "blocks": null
      }
    ],
    "files": [
      {
        "id": "F09R612C3UH",
        "created": 1762289585,
        "timestamp": 1762289585,
        "name": "Screenshot 2025-10-29 at 4.43.21 PM (1).png",
        "title": "Screenshot 2025-10-29 at 4.43.21 PM (1).png",
        "mimetype": "image/png",
        "image_exif_rotation": 0,
        "filetype": "png",
        "pretty_type": "PNG",
        "user": "U06M0EL5SF8",
        "mode": "hosted",
        "editable": false,
        "is_external": false,
        "external_type": "",
        "size": 3099619,
        "url": "",
        "url_download": "",
        "url_private": "https://files.slack.com/files-pri/T0B72NU6T-F09R612C3UH/screenshot_2025-10-29_at_4.43.21___pm__1_.png",
        "url_private_download": "https://files.slack.com/files-pri/T0B72NU6T-F09R612C3UH/download/screenshot_2025-10-29_at_4.43.21___pm__1_.png",
        "original_h": 1104,
        "original_w": 1942,
        "thumb_64": "https://files.slack.com/files-tmb/T0B72NU6T-F09R612C3UH-d9cc4692ee/screenshot_2025-10-29_at_4.43.21___pm__1__64.png",
        "thumb_80": "https://files.slack.com/files-tmb/T0B72NU6T-F09R612C3UH-d9cc4692ee/screenshot_2025-10-29_at_4.43.21___pm__1__80.png",
        "thumb_160": "https://files.slack.com/files-tmb/T0B72NU6T-F09R612C3UH-d9cc4692ee/screenshot_2025-10-29_at_4.43.21___pm__1__160.png",
        "thumb_360": "https://files.slack.com/files-tmb/T0B72NU6T-F09R612C3UH-d9cc4692ee/screenshot_2025-10-29_at_4.43.21___pm__1__360.png",
        "thumb_360_gif": "",
        "thumb_360_w": 360,
        "thumb_360_h": 205,
        "thumb_480": "https://files.slack.com/files-tmb/T0B72NU6T-F09R612C3UH-d9cc4692ee/screenshot_2025-10-29_at_4.43.21___pm__1__480.png",
        "thumb_480_w": 480,
        "thumb_480_h": 273,
        "thumb_720": "https://files.slack.com/files-tmb/T0B72NU6T-F09R612C3UH-d9cc4692ee/screenshot_2025-10-29_at_4.43.21___pm__1__720.png",
        "thumb_720_w": 720,
        "thumb_720_h": 409,
        "thumb_960": "https://files.slack.com/files-tmb/T0B72NU6T-F09R612C3UH-d9cc4692ee/screenshot_2025-10-29_at_4.43.21___pm__1__960.png",
        "thumb_960_w": 960,
        "thumb_960_h": 546,
        "thumb_1024": "https://files.slack.com/files-tmb/T0B72NU6T-F09R612C3UH-d9cc4692ee/screenshot_2025-10-29_at_4.43.21___pm__1__1024.png",
        "thumb_1024_w": 1024,
        "thumb_1024_h": 582,
        "permalink": "https://byu-is.slack.com/files/U09AR6XNZRU/F09R612C3UH/screenshot_2025-10-29_at_4.43.21___pm__1_.png",
        "permalink_public": "https://slack-files.com/T0B72NU6T-F09R612C3UH-c668aa5be3",
        "edit_link": "",
        "preview": "",
        "preview_highlight": "",
        "lines": 0,
        "lines_more": 0,
        "is_public": true,
        "public_url_shared": false,
        "channels": null,
        "groups": null,
        "ims": null,
        "initial_comment": {},
        "comments_count": 0,
        "num_stars": 0,
        "is_starred": false,
        "shares": {
          "public": null,
          "private": null
        },
        "subject": "",
        "to": null,
        "from": null,
        "cc": null,
        "headers": {
          "date": "",
          "in_reply_to": "",
          "reply_to": "",
          "message_id": ""
        }
      }
    ],
    "reactions": [
      {
        "name": "raised_hands",
        "count": 1,
        "users": [
          "U04MA3J69K6"
        ]
      },
      {
        "name": "raised_hands::skin-tone-2",
        "count": 1,
        "users": [
          "U0PQUR0AK"
        ]
      }
    ],
    "replace_original": false,
    "delete_original": false,
    "metadata": {
      "event_type": "",
      "event_payload": null
    },
    "blocks": [
      {
        "type": "rich_text",
        "block_id": "cObRH",
        "elements": [
          {
            "type": "rich_text_section",
            "elements": [
              {
                "type": "text",
                "text": "hello WAIS members! "
              },
              {
                "type": "emoji",
                "name": "purple_heart",
                "unicode": "1f49c"
              },
              {
                "type": "text",
                "text": " we are collabing with Women in Computer Science and Women in Statistics for an event coming up next Tuesday! Our WAIS alumni, Marissa Twitchell, will be speaking to us and talking about using our strengths in the tech industry. This will be a great opportunity to meet other women in tech majors, as well as come together as WAIS. Please join us next week by RSVPing using this link:\n"
              },
              {
                "type": "emoji",
                "name": "link",
                "unicode": "1f517"
              },
              {
                "type": "text",
                "text": " "
              },
              {
                "type": "link",
                "url": "https://luma.com/a6d2mszs",
                "text": ""
              },
              {
                "type": "text",
                "text": "\nAlso spread the word to others who may be interested in attending! There will also be BYU mint brownies served "
              },
              {
                "type": "emoji",
                "name": "eyes",
                "unicode": "1f440"
              }
            ]
          }
        ]
      }
    ],
    "user_profile": {
      "avatar_hash": "",
      "image_72": "https://avatars.slack-edge.com/2024-09-01/7654622677622_534ed950fd434df6ceeb_72.png",
      "first_name": "Annabelle",
      "real_name": "Annabelle Baker",
      "display_name": "Annabelle Baker",
      "team": "T0B72NU6T",
      "name": "abbaker",
      "is_restricted": false,
      "is_ultra_restricted": false
    }
  }
]
