[
  {
    "client_msg_id": "D4520876-5E51-4B71-BBA4-5B72AB841181",
    "type": "message",
    "user": "U06M0EL5SF8",
    "text": "A huge THANK YOU to everyone who brought canned goods!! We received so many canned and dry goods last night and I just dropped all of us this off at a local food bank. They were so grateful!",
    "ts": "1761782423.353889",
    "files": [
      {
        "id": "F09PG08J71T",
        "created": 1761782287,
        "timestamp": 1761782287,
        "name": "IMG_8113.jpg",
        "title": "IMG_8113",
        "mimetype": "image/jpeg",
        "image_exif_rotation": 0,
        "filetype": "jpg",
        "pretty_type": "JPEG",
        "user": "U06M0EL5SF8",
        "mode": "hosted",
        "editable": false,
        "is_external": false,
        "external_type": "",
        "size": 1383282,
        "url": "",
        "url_download": "",
        "url_private": "https://files.slack.com/files-pri/T0B72NU6T-F09PG08J71T/img_8113.jpg",
        "url_private_download": "https://files.slack.com/files-pri/T0B72NU6T-F09PG08J71T/download/img_8113.jpg",
        "original_h": 4032,
        "original_w": 3024,
        "thumb_64": "https://files.slack.com/files-tmb/T0B72NU6T-F09PG08J71T-b5304705c0/img_8113_64.jpg",
        "thumb_80": "https://files.slack.com/files-tmb/T0B72NU6T-F09PG08J71T-b5304705c0/img_8113_80.jpg",
        "thumb_160": "https://files.slack.com/files-tmb/T0B72NU6T-F09PG08J71T-b5304705c0/img_8113_160.jpg",
        "thumb_360": "https://files.slack.com/files-tmb/T0B72NU6T-F09PG08J71T-b5304705c0/img_8113_360.jpg",
        "thumb_360_gif": "",
        "thumb_360_w": 270,
        "thumb_360_h": 360,
        "thumb_480": "https://files.slack.com/files-tmb/T0B72NU6T-F09PG08J71T-b5304705c0/img_8113_480.jpg",
        "thumb_480_w": 360,
        "thumb_480_h": 480,
        "thumb_720": "https://files.slack.com/files-tmb/T0B72NU6T-F09PG08J71T-b5304705c0/img_8113_720.jpg",
        "thumb_720_w": 540,
        "thumb_720_h": 720,
        "thumb_960": "https://files.slack.com/files-tmb/T0B72NU6T-F09PG08J71T-b5304705c0/img_8113_960.jpg",
        "thumb_960_w": 720,
        "thumb_960_h": 960,
        "thumb_1024": "https://files.slack.com/files-tmb/T0B72NU6T-F09PG08J71T-b5304705c0/img_8113_1024.jpg",
        "thumb_1024_w": 768,
        "thumb_1024_h": 1024,
        "permalink": "https://byu-is.slack.com/files/U09AR6XNZRU/F09PG08J71T/img_8113.jpg",
        "permalink_public": "https://slack-files.com/T0B72NU6T-F09PG08J71T-1e1b0ac065",
        "edit_link": "",
        "preview": "",
        "preview_highlight": "",
        "lines": 0,
        "lines_more": 0,
        "is_public": true,
        "public_url_shared": false,
        "channels": null,
        "groups": null,
        "ims": null,
        "initial_comment": {},
        "comments_count": 0,
        "num_stars": 0,
        "is_starred": false,
        "shares": {
          "public": null,
          "private": null
        },
        "subject": "",
        "to": null,
        "from": null,
        "cc": null,
        "headers": {
          "date": "",
          "in_reply_to": "",
          "reply_to": "",
          "message_id": ""
        }
      }
    ],
    "reactions": [
      {
        "name": "heart",
        "count": 11,
        "users": [
          "U0PQUR0AK",
          "U05QYKUN9AR",
          "U084JBMRQ00",
          "U01TP7DLDQR",
          "U04P5CSGG81",
          "U0315N02FKQ",
          "U01BP1R5BAS",
          "U0HM7RR6Z",
          "U09GQAJ4ZRQ",
          "U063NJ69S4X",
          "U06DFFNHE65"
        ]
      },
      {
        "name": "raised_hands",
        "count": 6,
        "users": [
          "U07T843R21F",
          "U05QYKUN9AR",
          "U06K1AN4EG5",
          "U04MA3J69K6",
          "U0HM7RR6Z",
          "U063NJ69S4X"
        ]
      },
      {
        "name": "tada",
        "count": 4,
        "users": [
          "U06K1AN4EG5",
          "U01TP7DLDQR",
          "U0HM7RR6Z",
          "U063NJ69S4X"
        ]
      },
      {
        "name": "canned_food",
        "count": 3,
        "users": [
          "U04P5CSGG81",
          "U0HM7RR6Z",
          "U063NJ69S4X"
        ]
      }
    ],
    "replace_original": false,
    "delete_original": false,
    "metadata": {
      "event_type": "",
      "event_payload": null
    },
    "blocks": [
      {
        "type": "rich_text",
        "block_id": "g8qDu",
        "elements": [
          {
            "type": "rich_text_section",
            "elements": [
              {
                "type": "text",
                "text": "A huge THANK YOU to everyone who brought canned goods!! We received so many canned and dry goods last night and I just dropped all of us this off at a local food bank. They were so grateful!"
              }
            ]
          }
        ]
      }
    ],
    "user_profile": {
      "avatar_hash": "",
      "image_72": "https://avatars.slack-edge.com/2024-09-01/7654622677622_534ed950fd434df6ceeb_72.png",
      "first_name": "Annabelle",
      "real_name": "Annabelle Baker",
      "display_name": "Annabelle Baker",
      "team": "T0B72NU6T",
      "name": "abbaker",
      "is_restricted": false,
      "is_ultra_restricted": false
    }
  }
]
