[
  {
    "client_msg_id": "1201DA5F-5DA2-48E1-94E1-FBF2F349C064",
    "type": "message",
    "user": "U06M0EL5SF8",
    "text": "Good morning WAIS members!! :heart_hands: our last event of the semester for WAIS is TONIGHT with Marissa Twitchell!! I will see all of you there — please invite any friends to come and spread the word! See you at 6pm! :purple_heart:",
    "ts": "1762871845.622849",
    "team": "T0B72NU6T",
    "reactions": [
      {
        "name": "raised_hands",
        "count": 3,
        "users": [
          "U07T843R21F",
          "U05QYKUN9AR",
          "U01TP7DLDQR"
        ]
      },
      {
        "name": "aussie_parrot",
        "count": 1,
        "users": [
          "U05QYKUN9AR"
        ]
      }
    ],
    "replace_original": false,
    "delete_original": false,
    "metadata": {
      "event_type": "",
      "event_payload": null
    },
    "blocks": [
      {
        "type": "rich_text",
        "block_id": "qIGpC",
        "elements": [
          {
            "type": "rich_text_section",
            "elements": [
              {
                "type": "text",
                "text": "Good morning WAIS members!! "
              },
              {
                "type": "emoji",
                "name": "heart_hands",
                "unicode": "1faf6"
              },
              {
                "type": "text",
                "text": " our last event of the semester for WAIS is TONIGHT with Marissa Twitchell!! I will see all of you there "
              },
              {
                "type": "text",
                "text": "—"
              },
              {
                "type": "text",
                "text": " please invite any friends to come and spread the word! See you at 6pm! "
              },
              {
                "type": "emoji",
                "name": "purple_heart",
                "unicode": "1f49c"
              }
            ]
          }
        ]
      }
    ],
    "user_team": "T0B72NU6T",
    "source_team": "T0B72NU6T",
    "user_profile": {
      "avatar_hash": "",
      "image_72": "https://avatars.slack-edge.com/2024-09-01/7654622677622_534ed950fd434df6ceeb_72.png",
      "first_name": "Annabelle",
      "real_name": "Annabelle Baker",
      "display_name": "Annabelle Baker",
      "team": "T0B72NU6T",
      "name": "abbaker",
      "is_restricted": false,
      "is_ultra_restricted": false
    }
  },
  {
    "client_msg_id": "5BAED858-657A-4A1A-80BC-027D28790AFD",
    "type": "message",
    "user": "U01TP7DLDQR",
    "text": "Marissa Twitchell is here NOW in TNRB 710! Come for a great event and time!",
    "ts": "1762909363.819219",
    "team": "T0B72NU6T",
    "reactions": [
      {
        "name": "heart",
        "count": 2,
        "users": [
          "U0JF7F9B5",
          "U06M0EL5SF8"
        ]
      }
    ],
    "replace_original": false,
    "delete_original": false,
    "metadata": {
      "event_type": "",
      "event_payload": null
    },
    "blocks": [
      {
        "type": "rich_text",
        "block_id": "zL7fq",
        "elements": [
          {
            "type": "rich_text_section",
            "elements": [
              {
                "type": "text",
                "text": "Marissa Twitchell is here NOW in TNRB 710! Come for a great event and time!"
              }
            ]
          }
        ]
      }
    ],
    "user_team": "T0B72NU6T",
    "source_team": "T0B72NU6T",
    "user_profile": {
      "avatar_hash": "",
      "image_72": "https://avatars.slack-edge.com/2021-07-15/2279463378323_a4ba23e7355faa24f132_72.jpg",
      "first_name": "Katy",
      "real_name": "Katy Reese",
      "display_name": "Katy Reese",
      "team": "T0B72NU6T",
      "name": "katy.reese",
      "is_restricted": false,
      "is_ultra_restricted": false
    }
  }
]
