[
  {
    "client_msg_id": "76C321C5-5AE9-4EC0-B537-23383D756229",
    "type": "message",
    "user": "U02J4U5B5BN",
    "text": "Hi friends!! I’ll be at the panel tomorrow night. Would love to see any IS friends, new and old! Come say hi if you’re free for an hour!",
    "ts": "1759287005.160849",
    "thread_ts": "1759287005.160849",
    "reply_count": 1,
    "reply_users": [
      "U02J4U5B5BN"
    ],
    "replies": [
      {
        "user": "U02J4U5B5BN",
        "ts": "1759290256.450269"
      }
    ],
    "latest_reply": "1759290256.450269",
    "team": "T0B72NU6T",
    "reactions": [
      {
        "name": "slightly_smiling_face",
        "count": 4,
        "users": [
          "U04P5CSGG81",
          "U07T843R21F",
          "U05QYKUN9AR",
          "U06M0EL5SF8"
        ]
      },
      {
        "name": "blue_heart",
        "count": 1,
        "users": [
          "U05QYKUN9AR"
        ]
      },
      {
        "name": "partying_face",
        "count": 1,
        "users": [
          "U05RY55RHDJ"
        ]
      }
    ],
    "replace_original": false,
    "delete_original": false,
    "metadata": {
      "event_type": "",
      "event_payload": null
    },
    "blocks": [
      {
        "type": "rich_text",
        "block_id": "+D5Ol",
        "elements": [
          {
            "type": "rich_text_section",
            "elements": [
              {
                "type": "text",
                "text": "Hi friends!! I’ll be at the panel tomorrow night. Would love to see any IS friends"
              },
              {
                "type": "text",
                "text": ", "
              },
              {
                "type": "text",
                "text": "new and old!"
              },
              {
                "type": "text",
                "text": " Come say hi if "
              },
              {
                "type": "text",
                "text": "you’re"
              },
              {
                "type": "text",
                "text": " free for an hour!"
              }
            ]
          }
        ]
      }
    ],
    "user_team": "T0B72NU6T",
    "source_team": "T0B72NU6T",
    "user_profile": {
      "avatar_hash": "",
      "image_72": "https://avatars.slack-edge.com/2023-09-21/5956491396496_7b31f13170b3eb648d57_72.jpg",
      "first_name": "Rachel",
      "real_name": "Rachel Daniel",
      "display_name": "Rachel Daniel",
      "team": "T0B72NU6T",
      "name": "racheldaniel328",
      "is_restricted": false,
      "is_ultra_restricted": false
    },
    "reply_users_count": 1
  },
  {
    "client_msg_id": "76F6F5F0-E17A-435B-B449-3C6887513920",
    "type": "message",
    "user": "U02J4U5B5BN",
    "text": "(Also side note, I’m not a software engineer. I do analytics and report automation. So if you are interested in data then you should come too:))",
    "ts": "1759290256.450269",
    "thread_ts": "1759287005.160849",
    "subtype": "thread_broadcast",
    "reactions": [
      {
        "name": "heart",
        "count": 2,
        "users": [
          "U05RY55RHDJ",
          "U04MA3J69K6"
        ]
      }
    ],
    "replace_original": false,
    "delete_original": false,
    "metadata": {
      "event_type": "",
      "event_payload": null
    },
    "blocks": [
      {
        "type": "rich_text",
        "block_id": "d2fmv",
        "elements": [
          {
            "type": "rich_text_section",
            "elements": [
              {
                "type": "text",
                "text": "(Also side note, "
              },
              {
                "type": "text",
                "text": "I’m"
              },
              {
                "type": "text",
                "text": " not a software engineer"
              },
              {
                "type": "text",
                "text": "."
              },
              {
                "type": "text",
                "text": " I do analytics and report automation"
              },
              {
                "type": "text",
                "text": "."
              },
              {
                "type": "text",
                "text": " So if you are interested in data then you should come too:))"
              }
            ]
          }
        ]
      }
    ],
    "user_profile": {
      "avatar_hash": "",
      "image_72": "https://avatars.slack-edge.com/2023-09-21/5956491396496_7b31f13170b3eb648d57_72.jpg",
      "first_name": "Rachel",
      "real_name": "Rachel Daniel",
      "display_name": "Rachel Daniel",
      "team": "T0B72NU6T",
      "name": "racheldaniel328",
      "is_restricted": false,
      "is_ultra_restricted": false
    }
  }
]
