[
  {
    "id": "C0HM9S659",
    "created": 1451945042,
    "is_open": false,
    "last_read": "1763566721.222219",
    "is_group": false,
    "is_shared": false,
    "is_im": false,
    "is_ext_shared": false,
    "is_org_shared": false,
    "is_global_shared": false,
    "is_pending_ext_shared": false,
    "is_private": false,
    "is_read_only": false,
    "is_mpim": false,
    "unlinked": 0,
    "name_normalized": "questions",
    "num_members": 2753,
    "priority": 0,
    "user": "",
    "shared_team_ids": [
      "T0B72NU6T"
    ],
    "context_team_id": "T0B72NU6T",
    "previous_names": [
      "discussion"
    ],
    "name": "questions",
    "creator": "U0HM7RR6Z",
    "is_archived": false,
    "members": null,
    "topic": {
      "value": "",
      "creator": "U02MV6LRN1K",
      "last_set": 1755611102
    },
    "purpose": {
      "value": "Not sure where to ask? Drop your question here and someone will point you in the right direction.",
      "creator": "U02MV6LRN1K",
      "last_set": 1755611094
    },
    "is_channel": true,
    "is_general": false,
    "is_member": true,
    "locale": "en-US",
    "properties": {
      "canvas": {
        "file_id": "F05S50LDUM6",
        "is_empty": true,
        "quip_thread_id": "JGU9AAoi6K8"
      },
      "posting_restricted_to": {
        "type": null,
        "user": null
      },
      "tabs": [
        {
          "id": "files",
          "label": "",
          "type": "files"
        },
        {
          "id": "bookmarks",
          "label": "",
          "type": "bookmarks"
        },
        {
          "id": "channel_canvas",
          "label": "Canvas",
          "type": "channel_canvas"
        }
      ],
      "threads_restricted_to": {
        "type": null,
        "user": null
      }
    }
  }
]
