[
  {
    "client_msg_id": "678A80E4-209F-44C6-AF41-E75C8348C755",
    "type": "message",
    "user": "U06F9SJQUP2",
    "text": "I have ",
    "ts": "1760623601.363459",
    "thread_ts": "1760590313.112839",
    "parent_user_id": "U08FFTU6TDJ",
    "team": "T0B72NU6T",
    "replace_original": false,
    "delete_original": false,
    "metadata": {
      "event_type": "",
      "event_payload": null
    },
    "blocks": [
      {
        "type": "rich_text",
        "block_id": "M+/ba",
        "elements": [
          {
            "type": "rich_text_section",
            "elements": [
              {
                "type": "text",
                "text": "I have "
              }
            ]
          }
        ]
      }
    ],
    "user_team": "T0B72NU6T",
    "source_team": "T0B72NU6T",
    "user_profile": {
      "avatar_hash": "",
      "image_72": "https://avatars.slack-edge.com/2024-09-23/7775097772308_107e2ef600f7f705d99a_72.jpg",
      "first_name": "Bryce",
      "real_name": "Bryce Colton",
      "display_name": "",
      "team": "T0B72NU6T",
      "name": "bcolton9",
      "is_restricted": false,
      "is_ultra_restricted": false
    }
  },
  {
    "client_msg_id": "B89E3168-7F00-4EA7-9F15-120FD9CE8543",
    "type": "message",
    "user": "U090Y4Q2E4F",
    "text": "I’d be so down! Just DM’d you",
    "ts": "1760634074.519709",
    "thread_ts": "1760581027.775349",
    "parent_user_id": "U08AXKA4BT9",
    "team": "T0B72NU6T",
    "replace_original": false,
    "delete_original": false,
    "metadata": {
      "event_type": "",
      "event_payload": null
    },
    "blocks": [
      {
        "type": "rich_text",
        "block_id": "6HkVI",
        "elements": [
          {
            "type": "rich_text_section",
            "elements": [
              {
                "type": "text",
                "text": "I’d"
              },
              {
                "type": "text",
                "text": " be so down! Just DM’d you"
              }
            ]
          }
        ]
      }
    ],
    "user_team": "T0B72NU6T",
    "source_team": "T0B72NU6T",
    "user_profile": {
      "avatar_hash": "",
      "image_72": "https://avatars.slack-edge.com/2025-10-08/9663943661090_a27c5658906f51ed8a0b_72.jpg",
      "first_name": "Thomas",
      "real_name": "Thomas Chappell",
      "display_name": "",
      "team": "T0B72NU6T",
      "name": "jthomaschappell",
      "is_restricted": false,
      "is_ultra_restricted": false
    }
  },
  {
    "client_msg_id": "74F9D3CD-6E20-446A-AA70-8F480143A7DE",
    "type": "message",
    "user": "U04KB5UR6TZ",
    "text": "\u003c@U05T30HFAUA\u003e \u003c@U02SCCBDKTQ\u003e ",
    "ts": "1760635319.996029",
    "thread_ts": "1760590313.112839",
    "parent_user_id": "U08FFTU6TDJ",
    "team": "T0B72NU6T",
    "replace_original": false,
    "delete_original": false,
    "metadata": {
      "event_type": "",
      "event_payload": null
    },
    "blocks": [
      {
        "type": "rich_text",
        "block_id": "6mVpp",
        "elements": [
          {
            "type": "rich_text_section",
            "elements": [
              {
                "type": "user",
                "user_id": "U05T30HFAUA"
              },
              {
                "type": "text",
                "text": " "
              },
              {
                "type": "user",
                "user_id": "U02SCCBDKTQ"
              },
              {
                "type": "text",
                "text": " "
              }
            ]
          }
        ]
      }
    ],
    "user_team": "T0B72NU6T",
    "source_team": "T0B72NU6T",
    "user_profile": {
      "avatar_hash": "",
      "image_72": "https://avatars.slack-edge.com/2023-01-19/4668793169093_ff302e480426b3abc0e2_72.jpg",
      "first_name": "Adam",
      "real_name": "Adam Trommlitz",
      "display_name": "",
      "team": "T0B72NU6T",
      "name": "adamtrommlitz3",
      "is_restricted": false,
      "is_ultra_restricted": false
    }
  },
  {
    "client_msg_id": "428E1B2C-A2BC-4F23-BBCE-7FEA8152292A",
    "type": "message",
    "user": "U02SCCBDKTQ",
    "text": "I interned for Zions over the summer, if you have any questions let me know!",
    "ts": "1760637186.873859",
    "thread_ts": "1760590313.112839",
    "parent_user_id": "U08FFTU6TDJ",
    "team": "T0B72NU6T",
    "replace_original": false,
    "delete_original": false,
    "metadata": {
      "event_type": "",
      "event_payload": null
    },
    "blocks": [
      {
        "type": "rich_text",
        "block_id": "M0rzn",
        "elements": [
          {
            "type": "rich_text_section",
            "elements": [
              {
                "type": "text",
                "text": "I interned for Zions over the summer, if you have any questions let me know!"
              }
            ]
          }
        ]
      }
    ],
    "user_team": "T0B72NU6T",
    "source_team": "T0B72NU6T",
    "user_profile": {
      "avatar_hash": "",
      "image_72": "https://avatars.slack-edge.com/2024-02-28/6715654701221_8e27349b0a174ad75b47_72.png",
      "first_name": "Tanner",
      "real_name": "Tanner Atkin",
      "display_name": "",
      "team": "T0B72NU6T",
      "name": "tmanatkin",
      "is_restricted": false,
      "is_ultra_restricted": false
    }
  },
  {
    "client_msg_id": "9ab472d8-f5f8-41de-ae88-16275d449dc1",
    "type": "message",
    "user": "U09EJS41A21",
    "text": "Where is the hackathon? I've signed up but haven't received any communication about it.",
    "ts": "1760641467.043349",
    "team": "T0B72NU6T",
    "replace_original": false,
    "delete_original": false,
    "metadata": {
      "event_type": "",
      "event_payload": null
    },
    "blocks": [
      {
        "type": "rich_text",
        "block_id": "W1fH1",
        "elements": [
          {
            "type": "rich_text_section",
            "elements": [
              {
                "type": "text",
                "text": "Where is the hackathon? I've signed up but haven't received any communication about it."
              }
            ]
          }
        ]
      }
    ],
    "user_team": "T0B72NU6T",
    "source_team": "T0B72NU6T",
    "user_profile": {
      "avatar_hash": "",
      "image_72": "https://secure.gravatar.com/avatar/afec5573d56941193b30d882cfa6191a.jpg?s=72\u0026d=https%3A%2F%2Fa.slack-edge.com%2Fdf10d%2Fimg%2Favatars%2Fava_0005-72.png",
      "first_name": "Daniel",
      "real_name": "Daniel Walker",
      "display_name": "",
      "team": "T0B72NU6T",
      "name": "dwalke03",
      "is_restricted": false,
      "is_ultra_restricted": false
    }
  },
  {
    "client_msg_id": "cdbfcfa1-ffbf-44e6-bf06-c6e69560171f",
    "type": "message",
    "user": "U03V796M6ET",
    "text": "\u003c@U04LEHD0VQU\u003e interned with them twice",
    "ts": "1760641618.999769",
    "thread_ts": "1760590313.112839",
    "parent_user_id": "U08FFTU6TDJ",
    "team": "T0B72NU6T",
    "replace_original": false,
    "delete_original": false,
    "metadata": {
      "event_type": "",
      "event_payload": null
    },
    "blocks": [
      {
        "type": "rich_text",
        "block_id": "FDdbI",
        "elements": [
          {
            "type": "rich_text_section",
            "elements": [
              {
                "type": "user",
                "user_id": "U04LEHD0VQU"
              },
              {
                "type": "text",
                "text": " interned with them twice"
              }
            ]
          }
        ]
      }
    ],
    "user_team": "T0B72NU6T",
    "source_team": "T0B72NU6T",
    "user_profile": {
      "avatar_hash": "",
      "image_72": "https://avatars.slack-edge.com/2022-12-02/4459514610901_5ebe7abb7ecfc1982815_72.jpg",
      "first_name": "Joseph",
      "real_name": "Joseph Fuge",
      "display_name": "Joseph Fuge",
      "team": "T0B72NU6T",
      "name": "josephfuge1",
      "is_restricted": false,
      "is_ultra_restricted": false
    }
  },
  {
    "client_msg_id": "c8d2b99b-86ae-43e2-8402-9a0aa35c2874",
    "type": "message",
    "user": "U07T843R21F",
    "text": "Is this the one you're asking about \u003c@U09EJS41A21\u003e",
    "ts": "1760642875.026139",
    "files": [
      {
        "id": "F09LX4LH3K8",
        "created": 1760642866,
        "timestamp": 1760642866,
        "name": "image.png",
        "title": "image.png",
        "mimetype": "image/png",
        "image_exif_rotation": 0,
        "filetype": "png",
        "pretty_type": "PNG",
        "user": "U07T843R21F",
        "mode": "hosted",
        "editable": false,
        "is_external": false,
        "external_type": "",
        "size": 1941627,
        "url": "",
        "url_download": "",
        "url_private": "https://files.slack.com/files-pri/T0B72NU6T-F09LX4LH3K8/image.png",
        "url_private_download": "https://files.slack.com/files-pri/T0B72NU6T-F09LX4LH3K8/download/image.png",
        "original_h": 1584,
        "original_w": 1284,
        "thumb_64": "https://files.slack.com/files-tmb/T0B72NU6T-F09LX4LH3K8-31cac126e0/image_64.png",
        "thumb_80": "https://files.slack.com/files-tmb/T0B72NU6T-F09LX4LH3K8-31cac126e0/image_80.png",
        "thumb_160": "https://files.slack.com/files-tmb/T0B72NU6T-F09LX4LH3K8-31cac126e0/image_160.png",
        "thumb_360": "https://files.slack.com/files-tmb/T0B72NU6T-F09LX4LH3K8-31cac126e0/image_360.png",
        "thumb_360_gif": "",
        "thumb_360_w": 292,
        "thumb_360_h": 360,
        "thumb_480": "https://files.slack.com/files-tmb/T0B72NU6T-F09LX4LH3K8-31cac126e0/image_480.png",
        "thumb_480_w": 389,
        "thumb_480_h": 480,
        "thumb_720": "https://files.slack.com/files-tmb/T0B72NU6T-F09LX4LH3K8-31cac126e0/image_720.png",
        "thumb_720_w": 584,
        "thumb_720_h": 720,
        "thumb_960": "https://files.slack.com/files-tmb/T0B72NU6T-F09LX4LH3K8-31cac126e0/image_960.png",
        "thumb_960_w": 778,
        "thumb_960_h": 960,
        "thumb_1024": "https://files.slack.com/files-tmb/T0B72NU6T-F09LX4LH3K8-31cac126e0/image_1024.png",
        "thumb_1024_w": 830,
        "thumb_1024_h": 1024,
        "permalink": "https://byu-is.slack.com/files/U09AR6XNZRU/F09LX4LH3K8/image.png",
        "permalink_public": "https://slack-files.com/T0B72NU6T-F09LX4LH3K8-2fcde01fee",
        "edit_link": "",
        "preview": "",
        "preview_highlight": "",
        "lines": 0,
        "lines_more": 0,
        "is_public": true,
        "public_url_shared": false,
        "channels": null,
        "groups": null,
        "ims": null,
        "initial_comment": {},
        "comments_count": 0,
        "num_stars": 0,
        "is_starred": false,
        "shares": {
          "public": null,
          "private": null
        },
        "subject": "",
        "to": null,
        "from": null,
        "cc": null,
        "headers": {
          "date": "",
          "in_reply_to": "",
          "reply_to": "",
          "message_id": ""
        }
      }
    ],
    "replace_original": false,
    "delete_original": false,
    "metadata": {
      "event_type": "",
      "event_payload": null
    },
    "blocks": [
      {
        "type": "rich_text",
        "block_id": "37HrT",
        "elements": [
          {
            "type": "rich_text_section",
            "elements": [
              {
                "type": "text",
                "text": "Is this the one you're asking about "
              },
              {
                "type": "user",
                "user_id": "U09EJS41A21"
              }
            ]
          }
        ]
      }
    ],
    "user_profile": {
      "avatar_hash": "",
      "image_72": "https://avatars.slack-edge.com/2024-10-21/7936270980896_c3cd52336cfab4edec83_72.png",
      "first_name": "Shelley",
      "real_name": "Shelley Hunter",
      "display_name": "",
      "team": "T0B72NU6T",
      "name": "sah296",
      "is_restricted": false,
      "is_ultra_restricted": false
    }
  },
  {
    "client_msg_id": "eb547bc1-e38b-4976-915c-d11745e35aa9",
    "type": "message",
    "user": "U09EJS41A21",
    "text": "Yes, thank you",
    "ts": "1760642906.069359",
    "team": "T0B72NU6T",
    "replace_original": false,
    "delete_original": false,
    "metadata": {
      "event_type": "",
      "event_payload": null
    },
    "blocks": [
      {
        "type": "rich_text",
        "block_id": "6Dhyx",
        "elements": [
          {
            "type": "rich_text_section",
            "elements": [
              {
                "type": "text",
                "text": "Yes, thank you"
              }
            ]
          }
        ]
      }
    ],
    "user_team": "T0B72NU6T",
    "source_team": "T0B72NU6T",
    "user_profile": {
      "avatar_hash": "",
      "image_72": "https://secure.gravatar.com/avatar/afec5573d56941193b30d882cfa6191a.jpg?s=72\u0026d=https%3A%2F%2Fa.slack-edge.com%2Fdf10d%2Fimg%2Favatars%2Fava_0005-72.png",
      "first_name": "Daniel",
      "real_name": "Daniel Walker",
      "display_name": "",
      "team": "T0B72NU6T",
      "name": "dwalke03",
      "is_restricted": false,
      "is_ultra_restricted": false
    }
  },
  {
    "client_msg_id": "f208d54e-f52f-4000-9493-306b87bc8ea1",
    "type": "message",
    "user": "U090Y4Q2E4F",
    "text": "I think there are 2 hackathons going on this weekend :eyes::eyes: There's also one hosted by Redo",
    "ts": "1760644692.411699",
    "team": "T0B72NU6T",
    "replace_original": false,
    "delete_original": false,
    "metadata": {
      "event_type": "",
      "event_payload": null
    },
    "blocks": [
      {
        "type": "rich_text",
        "block_id": "rMtD3",
        "elements": [
          {
            "type": "rich_text_section",
            "elements": [
              {
                "type": "text",
                "text": "I think there are 2 hackathons going on this weekend "
              },
              {
                "type": "emoji",
                "name": "eyes",
                "unicode": "1f440"
              },
              {
                "type": "emoji",
                "name": "eyes",
                "unicode": "1f440"
              },
              {
                "type": "text",
                "text": " There's also one hosted by Redo"
              }
            ]
          }
        ]
      }
    ],
    "user_team": "T0B72NU6T",
    "source_team": "T0B72NU6T",
    "user_profile": {
      "avatar_hash": "",
      "image_72": "https://avatars.slack-edge.com/2025-10-08/9663943661090_a27c5658906f51ed8a0b_72.jpg",
      "first_name": "Thomas",
      "real_name": "Thomas Chappell",
      "display_name": "",
      "team": "T0B72NU6T",
      "name": "jthomaschappell",
      "is_restricted": false,
      "is_ultra_restricted": false
    }
  },
  {
    "client_msg_id": "05CAB00E-FBBC-460E-9345-A31CE2E3D27B",
    "type": "message",
    "user": "U04LEHD0VQU",
    "text": "Yeah I’m still working with them!",
    "ts": "1760645365.925829",
    "thread_ts": "1760590313.112839",
    "parent_user_id": "U08FFTU6TDJ",
    "team": "T0B72NU6T",
    "replace_original": false,
    "delete_original": false,
    "metadata": {
      "event_type": "",
      "event_payload": null
    },
    "blocks": [
      {
        "type": "rich_text",
        "block_id": "jgcz4",
        "elements": [
          {
            "type": "rich_text_section",
            "elements": [
              {
                "type": "text",
                "text": "Yeah I’m still working with them!"
              }
            ]
          }
        ]
      }
    ],
    "user_team": "T0B72NU6T",
    "source_team": "T0B72NU6T",
    "user_profile": {
      "avatar_hash": "",
      "image_72": "https://avatars.slack-edge.com/2024-02-23/6717984053920_f89acfc522950981d816_72.jpg",
      "first_name": "Ethan",
      "real_name": "Ethan Nance",
      "display_name": "Ethan Nance",
      "team": "T0B72NU6T",
      "name": "ethannance523",
      "is_restricted": false,
      "is_ultra_restricted": false
    }
  },
  {
    "client_msg_id": "e1620d06-a34a-4695-a35e-1e1dc54b66ab",
    "type": "message",
    "user": "U07T843R21F",
    "text": "I think it's the same. This is the og note...and the qr code takes to the image I posted. I think...someone check me. :wink:",
    "ts": "1760645537.787489",
    "thread_ts": "1760645537.787489",
    "reply_count": 4,
    "reply_users": [
      "U02BRPS56BA",
      "U06K1AN4EG5",
      "U07M7C7D25P"
    ],
    "replies": [
      {
        "user": "U07M7C7D25P",
        "ts": "1760648195.065479"
      },
      {
        "user": "U06K1AN4EG5",
        "ts": "1760656234.984499"
      },
      {
        "user": "U06K1AN4EG5",
        "ts": "1760656272.226879"
      },
      {
        "user": "U02BRPS56BA",
        "ts": "1760657056.634559"
      }
    ],
    "latest_reply": "1760657056.634559",
    "files": [
      {
        "id": "F09LT37ATSP",
        "created": 1760645519,
        "timestamp": 1760645519,
        "name": "image.png",
        "title": "image.png",
        "mimetype": "image/png",
        "image_exif_rotation": 0,
        "filetype": "png",
        "pretty_type": "PNG",
        "user": "U07T843R21F",
        "mode": "hosted",
        "editable": false,
        "is_external": false,
        "external_type": "",
        "size": 1861937,
        "url": "",
        "url_download": "",
        "url_private": "https://files.slack.com/files-pri/T0B72NU6T-F09LT37ATSP/image.png",
        "url_private_download": "https://files.slack.com/files-pri/T0B72NU6T-F09LT37ATSP/download/image.png",
        "original_h": 1476,
        "original_w": 1150,
        "thumb_64": "https://files.slack.com/files-tmb/T0B72NU6T-F09LT37ATSP-d355344f8c/image_64.png",
        "thumb_80": "https://files.slack.com/files-tmb/T0B72NU6T-F09LT37ATSP-d355344f8c/image_80.png",
        "thumb_160": "https://files.slack.com/files-tmb/T0B72NU6T-F09LT37ATSP-d355344f8c/image_160.png",
        "thumb_360": "https://files.slack.com/files-tmb/T0B72NU6T-F09LT37ATSP-d355344f8c/image_360.png",
        "thumb_360_gif": "",
        "thumb_360_w": 280,
        "thumb_360_h": 360,
        "thumb_480": "https://files.slack.com/files-tmb/T0B72NU6T-F09LT37ATSP-d355344f8c/image_480.png",
        "thumb_480_w": 374,
        "thumb_480_h": 480,
        "thumb_720": "https://files.slack.com/files-tmb/T0B72NU6T-F09LT37ATSP-d355344f8c/image_720.png",
        "thumb_720_w": 561,
        "thumb_720_h": 720,
        "thumb_960": "https://files.slack.com/files-tmb/T0B72NU6T-F09LT37ATSP-d355344f8c/image_960.png",
        "thumb_960_w": 748,
        "thumb_960_h": 960,
        "thumb_1024": "https://files.slack.com/files-tmb/T0B72NU6T-F09LT37ATSP-d355344f8c/image_1024.png",
        "thumb_1024_w": 798,
        "thumb_1024_h": 1024,
        "permalink": "https://byu-is.slack.com/files/U09AR6XNZRU/F09LT37ATSP/image.png",
        "permalink_public": "https://slack-files.com/T0B72NU6T-F09LT37ATSP-9bc96a717d",
        "edit_link": "",
        "preview": "",
        "preview_highlight": "",
        "lines": 0,
        "lines_more": 0,
        "is_public": true,
        "public_url_shared": false,
        "channels": null,
        "groups": null,
        "ims": null,
        "initial_comment": {},
        "comments_count": 0,
        "num_stars": 0,
        "is_starred": false,
        "shares": {
          "public": null,
          "private": null
        },
        "subject": "",
        "to": null,
        "from": null,
        "cc": null,
        "headers": {
          "date": "",
          "in_reply_to": "",
          "reply_to": "",
          "message_id": ""
        }
      }
    ],
    "replace_original": false,
    "delete_original": false,
    "metadata": {
      "event_type": "",
      "event_payload": null
    },
    "blocks": [
      {
        "type": "rich_text",
        "block_id": "IIc84",
        "elements": [
          {
            "type": "rich_text_section",
            "elements": [
              {
                "type": "text",
                "text": "I think it's the same. This is the og note...and the qr code takes to the image I posted. I think...someone check me. "
              },
              {
                "type": "emoji",
                "name": "wink",
                "unicode": "1f609"
              }
            ]
          }
        ]
      }
    ],
    "user_profile": {
      "avatar_hash": "",
      "image_72": "https://avatars.slack-edge.com/2024-10-21/7936270980896_c3cd52336cfab4edec83_72.png",
      "first_name": "Shelley",
      "real_name": "Shelley Hunter",
      "display_name": "",
      "team": "T0B72NU6T",
      "name": "sah296",
      "is_restricted": false,
      "is_ultra_restricted": false
    },
    "reply_users_count": 3
  },
  {
    "client_msg_id": "6ece5e71-ea67-4325-994a-a3fba6d8c41d",
    "type": "message",
    "user": "U07M7C7D25P",
    "text": "I was under the impression they are the same thing too. I think Redo became a sponsor for it after it was already planned and announced",
    "ts": "1760648195.065479",
    "thread_ts": "1760645537.787489",
    "parent_user_id": "U07T843R21F",
    "team": "T0B72NU6T",
    "replace_original": false,
    "delete_original": false,
    "metadata": {
      "event_type": "",
      "event_payload": null
    },
    "blocks": [
      {
        "type": "rich_text",
        "block_id": "GQmzM",
        "elements": [
          {
            "type": "rich_text_section",
            "elements": [
              {
                "type": "text",
                "text": "I was under the impression they are the same thing too. I think Redo became a sponsor for it after it was already planned and announced"
              }
            ]
          }
        ]
      }
    ],
    "user_team": "T0B72NU6T",
    "source_team": "T0B72NU6T",
    "user_profile": {
      "avatar_hash": "",
      "image_72": "https://avatars.slack-edge.com/2024-09-19/7777047113120_dadefd69402cd438df72_72.jpg",
      "first_name": "Jordan",
      "real_name": "Jordan Goddard",
      "display_name": "Jordan Goddard",
      "team": "T0B72NU6T",
      "name": "jg742",
      "is_restricted": false,
      "is_ultra_restricted": false
    }
  },
  {
    "client_msg_id": "2210ec8e-3cab-4662-82ee-f23af3ad3e87",
    "type": "message",
    "user": "U06K1AN4EG5",
    "text": "I think there is one by Lucid going on as well, but I don’t have any info for that",
    "ts": "1760656234.984499",
    "thread_ts": "1760645537.787489",
    "parent_user_id": "U07T843R21F",
    "team": "T0B72NU6T",
    "replace_original": false,
    "delete_original": false,
    "metadata": {
      "event_type": "",
      "event_payload": null
    },
    "blocks": [
      {
        "type": "rich_text",
        "block_id": "c60tS",
        "elements": [
          {
            "type": "rich_text_section",
            "elements": [
              {
                "type": "text",
                "text": "I think there is one by Lucid going on as well, but I don’t have any info for that"
              }
            ]
          }
        ]
      }
    ],
    "user_team": "T0B72NU6T",
    "source_team": "T0B72NU6T",
    "user_profile": {
      "avatar_hash": "",
      "image_72": "https://avatars.slack-edge.com/2024-02-15/6643656474902_6c3529233870e7562721_72.png",
      "first_name": "Kylee",
      "real_name": "Kylee Brown",
      "display_name": "",
      "team": "T0B72NU6T",
      "name": "kyleeb2255",
      "is_restricted": false,
      "is_ultra_restricted": false
    }
  },
  {
    "client_msg_id": "c8062001-a360-453b-a0bc-8b6047e6add1",
    "type": "message",
    "user": "U06K1AN4EG5",
    "text": "Just kidding, the Lucid one is a coding comp not a hackathon",
    "ts": "1760656272.226879",
    "thread_ts": "1760645537.787489",
    "parent_user_id": "U07T843R21F",
    "team": "T0B72NU6T",
    "replace_original": false,
    "delete_original": false,
    "metadata": {
      "event_type": "",
      "event_payload": null
    },
    "blocks": [
      {
        "type": "rich_text",
        "block_id": "nxKPc",
        "elements": [
          {
            "type": "rich_text_section",
            "elements": [
              {
                "type": "text",
                "text": "Just kidding, the Lucid one is a coding comp not a hackathon"
              }
            ]
          }
        ]
      }
    ],
    "user_team": "T0B72NU6T",
    "source_team": "T0B72NU6T",
    "user_profile": {
      "avatar_hash": "",
      "image_72": "https://avatars.slack-edge.com/2024-02-15/6643656474902_6c3529233870e7562721_72.png",
      "first_name": "Kylee",
      "real_name": "Kylee Brown",
      "display_name": "",
      "team": "T0B72NU6T",
      "name": "kyleeb2255",
      "is_restricted": false,
      "is_ultra_restricted": false
    }
  },
  {
    "client_msg_id": "804ebbe7-72d1-4ac1-9f09-c5b41eabf717",
    "type": "message",
    "user": "U02BRPS56BA",
    "text": "Can confirm these two fliers are talking about the same hackathon!\n(source, I work for Redo)",
    "ts": "1760657056.634559",
    "thread_ts": "1760645537.787489",
    "parent_user_id": "U07T843R21F",
    "team": "T0B72NU6T",
    "reactions": [
      {
        "name": "tada",
        "count": 1,
        "users": [
          "U07T843R21F"
        ]
      }
    ],
    "replace_original": false,
    "delete_original": false,
    "metadata": {
      "event_type": "",
      "event_payload": null
    },
    "blocks": [
      {
        "type": "rich_text",
        "block_id": "vXV0L",
        "elements": [
          {
            "type": "rich_text_section",
            "elements": [
              {
                "type": "text",
                "text": "Can confirm these two fliers are talking about the same hackathon!\n(source, I work for Redo)"
              }
            ]
          }
        ]
      }
    ],
    "user_team": "T0B72NU6T",
    "source_team": "T0B72NU6T",
    "user_profile": {
      "avatar_hash": "",
      "image_72": "https://avatars.slack-edge.com/2024-02-07/6628074598608_07241c7ac0c666a3e22c_72.jpg",
      "first_name": "Josh",
      "real_name": "Josh Moody",
      "display_name": "Josh Moody",
      "team": "T0B72NU6T",
      "name": "joshmoody24",
      "is_restricted": false,
      "is_ultra_restricted": false
    }
  }
]
