[
  {
    "client_msg_id": "D5D48303-3734-433C-B151-446397EACE21",
    "type": "message",
    "user": "U01TP7DLDQR",
    "text": "Yes! Dec 1-5",
    "ts": "1757080907.386429",
    "thread_ts": "1757049509.995079",
    "parent_user_id": "U06KU9SDC3Y",
    "team": "T0B72NU6T",
    "reactions": [
      {
        "name": "saluting_face",
        "count": 1,
        "users": [
          "U06KU9SDC3Y"
        ]
      }
    ],
    "replace_original": false,
    "delete_original": false,
    "metadata": {
      "event_type": "",
      "event_payload": null
    },
    "blocks": [
      {
        "type": "rich_text",
        "block_id": "5+/O2",
        "elements": [
          {
            "type": "rich_text_section",
            "elements": [
              {
                "type": "text",
                "text": "Yes! Dec 1-5"
              }
            ]
          }
        ]
      }
    ],
    "user_team": "T0B72NU6T",
    "source_team": "T0B72NU6T",
    "user_profile": {
      "avatar_hash": "",
      "image_72": "https://avatars.slack-edge.com/2021-07-15/2279463378323_a4ba23e7355faa24f132_72.jpg",
      "first_name": "Katy",
      "real_name": "Katy Reese",
      "display_name": "Katy Reese",
      "team": "T0B72NU6T",
      "name": "katy.reese",
      "is_restricted": false,
      "is_ultra_restricted": false
    }
  },
  {
    "client_msg_id": "6789a7ab-253a-4b01-b819-a3647f019bda",
    "type": "message",
    "user": "U06GUR7U3QB",
    "text": "I forget is the case debrief only going to be recorded on zoom or will there be a live zoom room to join if some group members can't make it in person?",
    "ts": "1757098516.154289",
    "team": "T0B72NU6T",
    "replace_original": false,
    "delete_original": false,
    "metadata": {
      "event_type": "",
      "event_payload": null
    },
    "blocks": [
      {
        "type": "rich_text",
        "block_id": "LQyqI",
        "elements": [
          {
            "type": "rich_text_section",
            "elements": [
              {
                "type": "text",
                "text": "I forget is the case debrief only going to be recorded on zoom or will there be a live zoom room to join if some group members can't make it in person?"
              }
            ]
          }
        ]
      }
    ],
    "user_team": "T0B72NU6T",
    "source_team": "T0B72NU6T",
    "user_profile": {
      "avatar_hash": "",
      "image_72": "https://avatars.slack-edge.com/2025-09-19/9565153570257_28fc7850bf61e22de7cf_72.jpg",
      "first_name": "Ryan",
      "real_name": "Ryan Briggs",
      "display_name": "Ryan Briggs",
      "team": "T0B72NU6T",
      "name": "rbriggs0",
      "is_restricted": false,
      "is_ultra_restricted": false
    }
  },
  {
    "client_msg_id": "e5d66c5e-b7b5-4c73-8d42-c9a229e5a3bd",
    "type": "message",
    "user": "U06GUR7U3QB",
    "text": "Also my group can't get a hold of our coach as he's tied up in a meeting that's taking longer than originally. Is there another coach we could talk to?",
    "ts": "1757099579.277209",
    "team": "T0B72NU6T",
    "replace_original": false,
    "delete_original": false,
    "metadata": {
      "event_type": "",
      "event_payload": null
    },
    "blocks": [
      {
        "type": "rich_text",
        "block_id": "TfQb+",
        "elements": [
          {
            "type": "rich_text_section",
            "elements": [
              {
                "type": "text",
                "text": "Also my group can't get a hold of our coach as he's tied up in a meeting that's taking longer than originally. Is there another coach we could talk to?"
              }
            ]
          }
        ]
      }
    ],
    "user_team": "T0B72NU6T",
    "source_team": "T0B72NU6T",
    "user_profile": {
      "avatar_hash": "",
      "image_72": "https://avatars.slack-edge.com/2025-09-19/9565153570257_28fc7850bf61e22de7cf_72.jpg",
      "first_name": "Ryan",
      "real_name": "Ryan Briggs",
      "display_name": "Ryan Briggs",
      "team": "T0B72NU6T",
      "name": "rbriggs0",
      "is_restricted": false,
      "is_ultra_restricted": false
    }
  },
  {
    "client_msg_id": "4ccfc9d2-9538-438f-85ba-0eecc3a7cc8b",
    "type": "message",
    "user": "U0HT3F9UG",
    "text": "I am just seeing this but since the case was due at 2 pm I would think this probably would not work out. Sorry",
    "ts": "1757122018.890889",
    "team": "T0B72NU6T",
    "replace_original": false,
    "delete_original": false,
    "metadata": {
      "event_type": "",
      "event_payload": null
    },
    "blocks": [
      {
        "type": "rich_text",
        "block_id": "qli00",
        "elements": [
          {
            "type": "rich_text_section",
            "elements": [
              {
                "type": "text",
                "text": "I am just seeing this but since the case was due at 2 pm I would think this probably would not work out. Sorry"
              }
            ]
          }
        ]
      }
    ],
    "user_team": "T0B72NU6T",
    "source_team": "T0B72NU6T",
    "user_profile": {
      "avatar_hash": "",
      "image_72": "https://secure.gravatar.com/avatar/e1c0f73e0939d0eb3714cd182064f507.jpg?s=72\u0026d=https%3A%2F%2Fa.slack-edge.com%2Fdf10d%2Fimg%2Favatars%2Fava_0002-72.png",
      "first_name": "",
      "real_name": "profganderson",
      "display_name": "",
      "team": "T0B72NU6T",
      "name": "profganderson",
      "is_restricted": false,
      "is_ultra_restricted": false
    }
  }
]
