[
  {
    "client_msg_id": "fd2e4b04-1664-4139-820c-be53f3c24821",
    "type": "message",
    "user": "U090Y4Q2E4F",
    "text": "Is there a central place where I can see all of the IS information sessions coming up?",
    "ts": "1757628005.496869",
    "thread_ts": "1757628005.496869",
    "reply_count": 3,
    "reply_users": [
      "U062Q2PUL5V",
      "U07T843R21F",
      "U090Y4Q2E4F"
    ],
    "replies": [
      {
        "user": "U062Q2PUL5V",
        "ts": "1757628139.284199"
      },
      {
        "user": "U090Y4Q2E4F",
        "ts": "1757628667.878219"
      },
      {
        "user": "U07T843R21F",
        "ts": "1757638676.847959"
      }
    ],
    "latest_reply": "1757638676.847959",
    "team": "T0B72NU6T",
    "replace_original": false,
    "delete_original": false,
    "metadata": {
      "event_type": "",
      "event_payload": null
    },
    "blocks": [
      {
        "type": "rich_text",
        "block_id": "lwlWW",
        "elements": [
          {
            "type": "rich_text_section",
            "elements": [
              {
                "type": "text",
                "text": "Is there a central place where I can see all of the IS information sessions coming up?"
              }
            ]
          }
        ]
      }
    ],
    "user_team": "T0B72NU6T",
    "source_team": "T0B72NU6T",
    "user_profile": {
      "avatar_hash": "",
      "image_72": "https://avatars.slack-edge.com/2025-10-08/9663943661090_a27c5658906f51ed8a0b_72.jpg",
      "first_name": "Thomas",
      "real_name": "Thomas Chappell",
      "display_name": "",
      "team": "T0B72NU6T",
      "name": "jthomaschappell",
      "is_restricted": false,
      "is_ultra_restricted": false
    },
    "reply_users_count": 3
  },
  {
    "client_msg_id": "3B77DAD8-BA62-4C9B-82BE-60CA7738EA9A",
    "type": "message",
    "user": "U062Q2PUL5V",
    "ts": "1757628139.284199",
    "thread_ts": "1757628005.496869",
    "parent_user_id": "U090Y4Q2E4F",
    "files": [
      {
        "id": "F09EQHPV40K",
        "created": 1757628111,
        "timestamp": 1757628111,
        "name": "IMG_4118.png",
        "title": "IMG_4118",
        "mimetype": "image/png",
        "image_exif_rotation": 0,
        "filetype": "png",
        "pretty_type": "PNG",
        "user": "U062Q2PUL5V",
        "mode": "hosted",
        "editable": false,
        "is_external": false,
        "external_type": "",
        "size": 9717087,
        "url": "",
        "url_download": "",
        "url_private": "https://files.slack.com/files-pri/T0B72NU6T-F09EQHPV40K/img_4118.png",
        "url_private_download": "https://files.slack.com/files-pri/T0B72NU6T-F09EQHPV40K/download/img_4118.png",
        "original_h": 3000,
        "original_w": 2250,
        "thumb_64": "https://files.slack.com/files-tmb/T0B72NU6T-F09EQHPV40K-bedd46da1b/img_4118_64.png",
        "thumb_80": "https://files.slack.com/files-tmb/T0B72NU6T-F09EQHPV40K-bedd46da1b/img_4118_80.png",
        "thumb_160": "https://files.slack.com/files-tmb/T0B72NU6T-F09EQHPV40K-bedd46da1b/img_4118_160.png",
        "thumb_360": "https://files.slack.com/files-tmb/T0B72NU6T-F09EQHPV40K-bedd46da1b/img_4118_360.png",
        "thumb_360_gif": "",
        "thumb_360_w": 270,
        "thumb_360_h": 360,
        "thumb_480": "https://files.slack.com/files-tmb/T0B72NU6T-F09EQHPV40K-bedd46da1b/img_4118_480.png",
        "thumb_480_w": 360,
        "thumb_480_h": 480,
        "thumb_720": "https://files.slack.com/files-tmb/T0B72NU6T-F09EQHPV40K-bedd46da1b/img_4118_720.png",
        "thumb_720_w": 540,
        "thumb_720_h": 720,
        "thumb_960": "https://files.slack.com/files-tmb/T0B72NU6T-F09EQHPV40K-bedd46da1b/img_4118_960.png",
        "thumb_960_w": 720,
        "thumb_960_h": 960,
        "thumb_1024": "https://files.slack.com/files-tmb/T0B72NU6T-F09EQHPV40K-bedd46da1b/img_4118_1024.png",
        "thumb_1024_w": 768,
        "thumb_1024_h": 1024,
        "permalink": "https://byu-is.slack.com/files/U09AR6XNZRU/F09EQHPV40K/img_4118.png",
        "permalink_public": "https://slack-files.com/T0B72NU6T-F09EQHPV40K-d10c88d464",
        "edit_link": "",
        "preview": "",
        "preview_highlight": "",
        "lines": 0,
        "lines_more": 0,
        "is_public": true,
        "public_url_shared": false,
        "channels": null,
        "groups": null,
        "ims": null,
        "initial_comment": {},
        "comments_count": 0,
        "num_stars": 0,
        "is_starred": false,
        "shares": {
          "public": null,
          "private": null
        },
        "subject": "",
        "to": null,
        "from": null,
        "cc": null,
        "headers": {
          "date": "",
          "in_reply_to": "",
          "reply_to": "",
          "message_id": ""
        }
      }
    ],
    "replace_original": false,
    "delete_original": false,
    "metadata": {
      "event_type": "",
      "event_payload": null
    },
    "blocks": null,
    "user_profile": {
      "avatar_hash": "",
      "image_72": "https://avatars.slack-edge.com/2023-10-27/6119266763281_f9769e1331c33f34f311_72.jpg",
      "first_name": "Maya",
      "real_name": "Maya Hom",
      "display_name": "",
      "team": "T0B72NU6T",
      "name": "mayah.byu",
      "is_restricted": false,
      "is_ultra_restricted": false
    }
  },
  {
    "client_msg_id": "D7E181E5-C542-43CD-8AA9-5D8A2F2E9ED9",
    "type": "message",
    "user": "U090Y4Q2E4F",
    "text": "Thank you! ",
    "ts": "1757628667.878219",
    "thread_ts": "1757628005.496869",
    "parent_user_id": "U090Y4Q2E4F",
    "team": "T0B72NU6T",
    "replace_original": false,
    "delete_original": false,
    "metadata": {
      "event_type": "",
      "event_payload": null
    },
    "blocks": [
      {
        "type": "rich_text",
        "block_id": "rVJ63",
        "elements": [
          {
            "type": "rich_text_section",
            "elements": [
              {
                "type": "text",
                "text": "Thank"
              },
              {
                "type": "text",
                "text": " you! "
              }
            ]
          }
        ]
      }
    ],
    "user_team": "T0B72NU6T",
    "source_team": "T0B72NU6T",
    "user_profile": {
      "avatar_hash": "",
      "image_72": "https://avatars.slack-edge.com/2025-10-08/9663943661090_a27c5658906f51ed8a0b_72.jpg",
      "first_name": "Thomas",
      "real_name": "Thomas Chappell",
      "display_name": "",
      "team": "T0B72NU6T",
      "name": "jthomaschappell",
      "is_restricted": false,
      "is_ultra_restricted": false
    }
  },
  {
    "client_msg_id": "aedf8e44-3fff-4fc9-bdb1-e359c1d8d2c7",
    "type": "message",
    "user": "U09EJS41A21",
    "text": "Does this club have regular meetings or is it just events and events planning if you're in leadership?",
    "ts": "1757638528.764639",
    "thread_ts": "1757638528.764639",
    "reply_count": 1,
    "reply_users": [
      "U062Q2PUL5V"
    ],
    "replies": [
      {
        "user": "U062Q2PUL5V",
        "ts": "1757638794.740809"
      }
    ],
    "latest_reply": "1757638794.740809",
    "team": "T0B72NU6T",
    "replace_original": false,
    "delete_original": false,
    "metadata": {
      "event_type": "",
      "event_payload": null
    },
    "blocks": [
      {
        "type": "rich_text",
        "block_id": "eYd/K",
        "elements": [
          {
            "type": "rich_text_section",
            "elements": [
              {
                "type": "text",
                "text": "Does this club have regular meetings or is it just events and events planning if you're in leadership?"
              }
            ]
          }
        ]
      }
    ],
    "user_team": "T0B72NU6T",
    "source_team": "T0B72NU6T",
    "user_profile": {
      "avatar_hash": "",
      "image_72": "https://secure.gravatar.com/avatar/afec5573d56941193b30d882cfa6191a.jpg?s=72\u0026d=https%3A%2F%2Fa.slack-edge.com%2Fdf10d%2Fimg%2Favatars%2Fava_0005-72.png",
      "first_name": "Daniel",
      "real_name": "Daniel Walker",
      "display_name": "",
      "team": "T0B72NU6T",
      "name": "dwalke03",
      "is_restricted": false,
      "is_ultra_restricted": false
    },
    "reply_users_count": 1
  },
  {
    "client_msg_id": "031b8723-a148-45ec-b181-a98d563fe0dc",
    "type": "message",
    "user": "U07T843R21F",
    "text": "There is also a COLLECTION on Handshake that is supposed to show events, tabling, etc. for IS students.\n\nMy handshake interface looks different from yours, but this should take you there.\n\n\u003chttps://byu.joinhandshake.com/edu/collections/21827\u003e",
    "ts": "1757638676.847959",
    "thread_ts": "1757628005.496869",
    "parent_user_id": "U090Y4Q2E4F",
    "team": "T0B72NU6T",
    "reactions": [
      {
        "name": "+1",
        "count": 1,
        "users": [
          "U090Y4Q2E4F"
        ]
      }
    ],
    "replace_original": false,
    "delete_original": false,
    "metadata": {
      "event_type": "",
      "event_payload": null
    },
    "blocks": [
      {
        "type": "rich_text",
        "block_id": "DnYjE",
        "elements": [
          {
            "type": "rich_text_section",
            "elements": [
              {
                "type": "text",
                "text": "There is also a COLLECTION on Handshake that is supposed to show events, tabling, etc. for IS students.\n\nMy handshake interface looks different from yours, but this should take you there.\n\n"
              },
              {
                "type": "link",
                "url": "https://byu.joinhandshake.com/edu/collections/21827",
                "text": ""
              }
            ]
          }
        ]
      }
    ],
    "user_team": "T0B72NU6T",
    "source_team": "T0B72NU6T",
    "user_profile": {
      "avatar_hash": "",
      "image_72": "https://avatars.slack-edge.com/2024-10-21/7936270980896_c3cd52336cfab4edec83_72.png",
      "first_name": "Shelley",
      "real_name": "Shelley Hunter",
      "display_name": "",
      "team": "T0B72NU6T",
      "name": "sah296",
      "is_restricted": false,
      "is_ultra_restricted": false
    }
  },
  {
    "client_msg_id": "B9D1F7D2-F3AD-468A-8E7F-4976612E8766",
    "type": "message",
    "user": "U062Q2PUL5V",
    "text": "We have ATeam each week at 9. ATeam is open to everyone. Members of ATeam help officers with things like connecting with sponsors, club technology like the website, the marketing team to share what’s going on IS, plan and execute activities, the WAIS group connecting woman to other women in industry and such. ",
    "ts": "1757638794.740809",
    "thread_ts": "1757638528.764639",
    "parent_user_id": "U09EJS41A21",
    "team": "T0B72NU6T",
    "replace_original": false,
    "delete_original": false,
    "metadata": {
      "event_type": "",
      "event_payload": null
    },
    "blocks": [
      {
        "type": "rich_text",
        "block_id": "K77cK",
        "elements": [
          {
            "type": "rich_text_section",
            "elements": [
              {
                "type": "text",
                "text": "We have ATeam each week at 9"
              },
              {
                "type": "text",
                "text": "."
              },
              {
                "type": "text",
                "text": " ATeam is open to everyone"
              },
              {
                "type": "text",
                "text": "."
              },
              {
                "type": "text",
                "text": " Members of ATeam help officers with things like connecting with sponsors, club technology like the website, the marketing team to share "
              },
              {
                "type": "text",
                "text": "what’s"
              },
              {
                "type": "text",
                "text": " going on IS, plan and execute activities, the WAIS group connecting woman to other women in industry and such"
              },
              {
                "type": "text",
                "text": "."
              },
              {
                "type": "text",
                "text": " "
              }
            ]
          }
        ]
      }
    ],
    "user_team": "T0B72NU6T",
    "source_team": "T0B72NU6T",
    "user_profile": {
      "avatar_hash": "",
      "image_72": "https://avatars.slack-edge.com/2023-10-27/6119266763281_f9769e1331c33f34f311_72.jpg",
      "first_name": "Maya",
      "real_name": "Maya Hom",
      "display_name": "",
      "team": "T0B72NU6T",
      "name": "mayah.byu",
      "is_restricted": false,
      "is_ultra_restricted": false
    }
  }
]
