[
  {
    "client_msg_id": "2EB3B648-BD2F-4413-9597-5089D7AA87C5",
    "type": "message",
    "user": "U04M4FJ7B2R",
    "text": "Anyone know if the MBA classes are also starting this week or if it’s next? ",
    "ts": "1756908383.159939",
    "team": "T0B72NU6T",
    "replace_original": false,
    "delete_original": false,
    "metadata": {
      "event_type": "",
      "event_payload": null
    },
    "blocks": [
      {
        "type": "rich_text",
        "block_id": "BSbZ7",
        "elements": [
          {
            "type": "rich_text_section",
            "elements": [
              {
                "type": "text",
                "text": "Anyone know if the MBA classes are also starting this week or if "
              },
              {
                "type": "text",
                "text": "it’s"
              },
              {
                "type": "text",
                "text": " next? "
              }
            ]
          }
        ]
      }
    ],
    "user_team": "T0B72NU6T",
    "source_team": "T0B72NU6T",
    "user_profile": {
      "avatar_hash": "",
      "image_72": "https://avatars.slack-edge.com/2025-10-09/9670442883782_350ea49d03f52b6059fb_72.png",
      "first_name": "Natali",
      "real_name": "Natali Mendoza",
      "display_name": "",
      "team": "T0B72NU6T",
      "name": "bookworm2035",
      "is_restricted": false,
      "is_ultra_restricted": false
    }
  },
  {
    "client_msg_id": "0A94B693-BC4B-45BE-A4A9-34BCBB49EE28",
    "type": "message",
    "user": "U07MX70HPPW",
    "text": "Is there going to be anyone in the IS department offices for the next hour or so? I had some MISM related scheduling questions but no one is here. ",
    "ts": "1756929048.080059",
    "thread_ts": "1756929048.080059",
    "reply_count": 4,
    "reply_users": [
      "U05QYKUN9AR",
      "U064Y5J9WPM",
      "U07MX70HPPW"
    ],
    "replies": [
      {
        "user": "U05QYKUN9AR",
        "ts": "1756929121.022869"
      },
      {
        "user": "U07MX70HPPW",
        "ts": "1756929151.135169"
      },
      {
        "user": "U064Y5J9WPM",
        "ts": "1756929465.741039"
      },
      {
        "user": "U05QYKUN9AR",
        "ts": "1756929891.320649"
      }
    ],
    "latest_reply": "1756929891.320649",
    "team": "T0B72NU6T",
    "replace_original": false,
    "delete_original": false,
    "metadata": {
      "event_type": "",
      "event_payload": null
    },
    "blocks": [
      {
        "type": "rich_text",
        "block_id": "N4mY2",
        "elements": [
          {
            "type": "rich_text_section",
            "elements": [
              {
                "type": "text",
                "text": "Is there going to be anyone in the IS department offices for the next hour or so? I had some MISM related scheduling questions but no one is here. "
              }
            ]
          }
        ]
      }
    ],
    "user_team": "T0B72NU6T",
    "source_team": "T0B72NU6T",
    "user_profile": {
      "avatar_hash": "",
      "image_72": "https://secure.gravatar.com/avatar/bb504a82ffcd472323e54fa5777076bb.jpg?s=72\u0026d=https%3A%2F%2Fa.slack-edge.com%2Fdf10d%2Fimg%2Favatars%2Fava_0009-72.png",
      "first_name": "McKenna",
      "real_name": "McKenna Brown",
      "display_name": "McKenna Brown",
      "team": "T0B72NU6T",
      "name": "mcmessy",
      "is_restricted": false,
      "is_ultra_restricted": false
    },
    "reply_users_count": 3
  },
  {
    "client_msg_id": "9529e8aa-65b5-4acf-8e3f-f2d22f6b1502",
    "type": "message",
    "user": "U05QYKUN9AR",
    "text": "They are all at IS Junior Core orientation on floor 4",
    "ts": "1756929121.022869",
    "thread_ts": "1756929048.080059",
    "parent_user_id": "U07MX70HPPW",
    "team": "T0B72NU6T",
    "replace_original": false,
    "delete_original": false,
    "metadata": {
      "event_type": "",
      "event_payload": null
    },
    "blocks": [
      {
        "type": "rich_text",
        "block_id": "4fRfK",
        "elements": [
          {
            "type": "rich_text_section",
            "elements": [
              {
                "type": "text",
                "text": "They are all at IS Junior Core orientation on floor 4"
              }
            ]
          }
        ]
      }
    ],
    "user_team": "T0B72NU6T",
    "source_team": "T0B72NU6T",
    "user_profile": {
      "avatar_hash": "",
      "image_72": "https://avatars.slack-edge.com/2024-01-26/6552645357937_5db7bb38023203a14a98_72.png",
      "first_name": "Madison",
      "real_name": "Madison Hutchings",
      "display_name": "",
      "team": "T0B72NU6T",
      "name": "madhutch",
      "is_restricted": false,
      "is_ultra_restricted": false
    }
  },
  {
    "client_msg_id": "69885B08-5002-4F0A-BBC8-DBB417E718A1",
    "type": "message",
    "user": "U07MX70HPPW",
    "text": "Oh dang! Good to know. Do you know when they will be done? Thanks!",
    "ts": "1756929151.135169",
    "thread_ts": "1756929048.080059",
    "parent_user_id": "U07MX70HPPW",
    "team": "T0B72NU6T",
    "replace_original": false,
    "delete_original": false,
    "metadata": {
      "event_type": "",
      "event_payload": null
    },
    "blocks": [
      {
        "type": "rich_text",
        "block_id": "jAhfp",
        "elements": [
          {
            "type": "rich_text_section",
            "elements": [
              {
                "type": "text",
                "text": "Oh dang! Good to know. Do you know when they will be done? Thanks!"
              }
            ]
          }
        ]
      }
    ],
    "user_team": "T0B72NU6T",
    "source_team": "T0B72NU6T",
    "user_profile": {
      "avatar_hash": "",
      "image_72": "https://secure.gravatar.com/avatar/bb504a82ffcd472323e54fa5777076bb.jpg?s=72\u0026d=https%3A%2F%2Fa.slack-edge.com%2Fdf10d%2Fimg%2Favatars%2Fava_0009-72.png",
      "first_name": "McKenna",
      "real_name": "McKenna Brown",
      "display_name": "McKenna Brown",
      "team": "T0B72NU6T",
      "name": "mcmessy",
      "is_restricted": false,
      "is_ultra_restricted": false
    }
  },
  {
    "client_msg_id": "151ad423-3e2c-4095-9b03-b8f930813745",
    "type": "message",
    "user": "U064Y5J9WPM",
    "text": "Here is a link to book an appointment!\n\u003chttps://swansaunders.youcanbook.me/\u003e",
    "ts": "1756929465.741039",
    "thread_ts": "1756929048.080059",
    "attachments": [
      {
        "fallback": "Select a time",
        "id": 1,
        "title": "Select a time",
        "title_link": "https://swansaunders.youcanbook.me/",
        "text": "Choose what time works better to schedule a meeting.",
        "image_url": "https://swansaunders.youcanbook.me/static/img/ycbm/opengraph.png",
        "service_name": "swansaunders.youcanbook.me",
        "service_icon": "https://swansaunders.youcanbook.me/static/img/ycbm/apple-touch-icon.png",
        "from_url": "https://swansaunders.youcanbook.me/",
        "original_url": "https://swansaunders.youcanbook.me/",
        "blocks": null
      }
    ],
    "parent_user_id": "U07MX70HPPW",
    "team": "T0B72NU6T",
    "replace_original": false,
    "delete_original": false,
    "metadata": {
      "event_type": "",
      "event_payload": null
    },
    "blocks": [
      {
        "type": "rich_text",
        "block_id": "pMKzF",
        "elements": [
          {
            "type": "rich_text_section",
            "elements": [
              {
                "type": "text",
                "text": "Here is a link to book an appointment!\n"
              },
              {
                "type": "link",
                "url": "https://swansaunders.youcanbook.me/",
                "text": ""
              }
            ]
          }
        ]
      }
    ],
    "user_team": "T0B72NU6T",
    "source_team": "T0B72NU6T",
    "user_profile": {
      "avatar_hash": "",
      "image_72": "https://avatars.slack-edge.com/2025-01-21/8327484718594_b854a16832b8b90c4af0_72.png",
      "first_name": "Katherine",
      "real_name": "Katherine Creer",
      "display_name": "",
      "team": "T0B72NU6T",
      "name": "katherinecreer",
      "is_restricted": false,
      "is_ultra_restricted": false
    }
  },
  {
    "client_msg_id": "115b1ef9-cafb-4b92-8d8b-43e9d338b98f",
    "type": "message",
    "user": "U05QYKUN9AR",
    "text": "They should be done around 3pm but not sure who will be around after",
    "ts": "1756929891.320649",
    "thread_ts": "1756929048.080059",
    "edited": {
      "user": "U05QYKUN9AR",
      "ts": "1756929906.000000"
    },
    "parent_user_id": "U07MX70HPPW",
    "team": "T0B72NU6T",
    "replace_original": false,
    "delete_original": false,
    "metadata": {
      "event_type": "",
      "event_payload": null
    },
    "blocks": [
      {
        "type": "rich_text",
        "block_id": "aLrq5",
        "elements": [
          {
            "type": "rich_text_section",
            "elements": [
              {
                "type": "text",
                "text": "They should be done around 3pm but not sure who will be around after"
              }
            ]
          }
        ]
      }
    ],
    "user_team": "T0B72NU6T",
    "source_team": "T0B72NU6T",
    "user_profile": {
      "avatar_hash": "",
      "image_72": "https://avatars.slack-edge.com/2024-01-26/6552645357937_5db7bb38023203a14a98_72.png",
      "first_name": "Madison",
      "real_name": "Madison Hutchings",
      "display_name": "",
      "team": "T0B72NU6T",
      "name": "madhutch",
      "is_restricted": false,
      "is_ultra_restricted": false
    }
  }
]
