[
  {
    "client_msg_id": "D9503A1D-6353-4D2B-92A8-E92B2A5B677F",
    "type": "message",
    "user": "U04K82GE91P",
    "text": "Would anyone in this channel be willing to help me with some Excel data extraction and automation questions? \n\nLooking to build out a pipeline of data that is run on a script to pull from a daily report and I’m stumped on how to get past its current state! Any help would be much appreciated! ",
    "ts": "1761952233.425939",
    "thread_ts": "1761952233.425939",
    "reply_count": 1,
    "reply_users": [
      "U05QUTWC0CW"
    ],
    "replies": [
      {
        "user": "U05QUTWC0CW",
        "ts": "1761967151.380019"
      }
    ],
    "latest_reply": "1761967151.380019",
    "team": "T0B72NU6T",
    "replace_original": false,
    "delete_original": false,
    "metadata": {
      "event_type": "",
      "event_payload": null
    },
    "blocks": [
      {
        "type": "rich_text",
        "block_id": "iRPgZ",
        "elements": [
          {
            "type": "rich_text_section",
            "elements": [
              {
                "type": "text",
                "text": "Would anyone in this channel be willing to help me with some Excel data extraction and automation questions? \n\nLooking to build out a pipeline of data that is run on a script to pull from a daily report and "
              },
              {
                "type": "text",
                "text": "I’m"
              },
              {
                "type": "text",
                "text": " stumped on how to get past its current state! Any help would be much appreciated! "
              }
            ]
          }
        ]
      }
    ],
    "user_team": "T0B72NU6T",
    "source_team": "T0B72NU6T",
    "user_profile": {
      "avatar_hash": "",
      "image_72": "https://avatars.slack-edge.com/2025-07-21/9252613550160_db2acb63b38004ec8dca_72.png",
      "first_name": "Braxdon",
      "real_name": "Braxdon Simmons",
      "display_name": "",
      "team": "T0B72NU6T",
      "name": "braxsimmons01",
      "is_restricted": false,
      "is_ultra_restricted": false
    },
    "reply_users_count": 1
  },
  {
    "client_msg_id": "9F14E9A5-F376-4955-9F1D-23E972F3AFF8",
    "type": "message",
    "user": "U05QUTWC0CW",
    "text": "I just messaged you!",
    "ts": "1761967151.380019",
    "thread_ts": "1761952233.425939",
    "parent_user_id": "U04K82GE91P",
    "team": "T0B72NU6T",
    "reactions": [
      {
        "name": "raised_hands",
        "count": 1,
        "users": [
          "U03V796M6ET"
        ]
      }
    ],
    "replace_original": false,
    "delete_original": false,
    "metadata": {
      "event_type": "",
      "event_payload": null
    },
    "blocks": [
      {
        "type": "rich_text",
        "block_id": "klxAR",
        "elements": [
          {
            "type": "rich_text_section",
            "elements": [
              {
                "type": "text",
                "text": "I just messaged you!"
              }
            ]
          }
        ]
      }
    ],
    "user_team": "T0B72NU6T",
    "source_team": "T0B72NU6T",
    "user_profile": {
      "avatar_hash": "",
      "image_72": "https://avatars.slack-edge.com/2025-09-18/9543906465922_0916cca558ca26b71aeb_72.jpg",
      "first_name": "Hayden",
      "real_name": "Hayden Cowart",
      "display_name": "",
      "team": "T0B72NU6T",
      "name": "haydenecowart",
      "is_restricted": false,
      "is_ultra_restricted": false
    }
  }
]
