[
  {
    "client_msg_id": "3cd8d70b-665d-4da0-9649-9ed9e92447d4",
    "type": "message",
    "user": "U09EFEA03V2",
    "text": "What is the dress for meet the firms tonight?",
    "ts": "1759259552.430689",
    "thread_ts": "1759259552.430689",
    "reply_count": 1,
    "reply_users": [
      "U064Y5J9WPM"
    ],
    "replies": [
      {
        "user": "U064Y5J9WPM",
        "ts": "1759259603.171489"
      }
    ],
    "latest_reply": "1759259603.171489",
    "team": "T0B72NU6T",
    "replace_original": false,
    "delete_original": false,
    "metadata": {
      "event_type": "",
      "event_payload": null
    },
    "blocks": [
      {
        "type": "rich_text",
        "block_id": "6syCX",
        "elements": [
          {
            "type": "rich_text_section",
            "elements": [
              {
                "type": "text",
                "text": "What is the dress for meet the firms tonight?"
              }
            ]
          }
        ]
      }
    ],
    "user_team": "T0B72NU6T",
    "source_team": "T0B72NU6T",
    "user_profile": {
      "avatar_hash": "",
      "image_72": "https://avatars.slack-edge.com/2025-09-18/9544549423042_4b88f1ddfea3600c0130_72.jpg",
      "first_name": "Garrett",
      "real_name": "Garrett Safsten",
      "display_name": "Garrett Safsten",
      "team": "T0B72NU6T",
      "name": "garrett.safsten",
      "is_restricted": false,
      "is_ultra_restricted": false
    },
    "reply_users_count": 1
  },
  {
    "client_msg_id": "eda79847-e0e8-4309-9232-9d381e053e47",
    "type": "message",
    "user": "U064Y5J9WPM",
    "text": "I've heard, and last year, it was business formal!",
    "ts": "1759259603.171489",
    "thread_ts": "1759259552.430689",
    "parent_user_id": "U09EFEA03V2",
    "team": "T0B72NU6T",
    "reactions": [
      {
        "name": "+1",
        "count": 1,
        "users": [
          "U09EFEA03V2"
        ]
      }
    ],
    "replace_original": false,
    "delete_original": false,
    "metadata": {
      "event_type": "",
      "event_payload": null
    },
    "blocks": [
      {
        "type": "rich_text",
        "block_id": "XXy/e",
        "elements": [
          {
            "type": "rich_text_section",
            "elements": [
              {
                "type": "text",
                "text": "I've heard, and last year, it was business formal!"
              }
            ]
          }
        ]
      }
    ],
    "user_team": "T0B72NU6T",
    "source_team": "T0B72NU6T",
    "user_profile": {
      "avatar_hash": "",
      "image_72": "https://avatars.slack-edge.com/2025-01-21/8327484718594_b854a16832b8b90c4af0_72.png",
      "first_name": "Katherine",
      "real_name": "Katherine Creer",
      "display_name": "",
      "team": "T0B72NU6T",
      "name": "katherinecreer",
      "is_restricted": false,
      "is_ultra_restricted": false
    }
  },
  {
    "client_msg_id": "15870F29-968C-40D2-958C-4DBC298004D2",
    "type": "message",
    "user": "U07N84PBBDF",
    "text": "The general chat says the data science fair is on Thursday but I got an email today saying it’s tomorrow. Which is correct?",
    "ts": "1759290540.419049",
    "thread_ts": "1759290540.419049",
    "reply_count": 1,
    "reply_users": [
      "U06K1AN4EG5"
    ],
    "replies": [
      {
        "user": "U06K1AN4EG5",
        "ts": "1759291802.939029"
      }
    ],
    "latest_reply": "1759291802.939029",
    "team": "T0B72NU6T",
    "replace_original": false,
    "delete_original": false,
    "metadata": {
      "event_type": "",
      "event_payload": null
    },
    "blocks": [
      {
        "type": "rich_text",
        "block_id": "xNKUM",
        "elements": [
          {
            "type": "rich_text_section",
            "elements": [
              {
                "type": "text",
                "text": "The general chat says the data science fair is on Thursday but I got an email today saying it’s tomorrow"
              },
              {
                "type": "text",
                "text": "."
              },
              {
                "type": "text",
                "text": " Which is correct?"
              }
            ]
          }
        ]
      }
    ],
    "user_team": "T0B72NU6T",
    "source_team": "T0B72NU6T",
    "user_profile": {
      "avatar_hash": "",
      "image_72": "https://avatars.slack-edge.com/2024-09-23/7756974255879_cf924c1846aa59f30cee_72.jpg",
      "first_name": "Porter",
      "real_name": "Porter Graham",
      "display_name": "Porter Graham",
      "team": "T0B72NU6T",
      "name": "porterwg",
      "is_restricted": false,
      "is_ultra_restricted": false
    },
    "reply_users_count": 1
  },
  {
    "client_msg_id": "5FE9F633-B3F8-42DC-ADD1-4B5143359E8B",
    "type": "message",
    "user": "U06K1AN4EG5",
    "text": "It is tomorrow, sorry for the confusion ",
    "ts": "1759291802.939029",
    "thread_ts": "1759290540.419049",
    "parent_user_id": "U07N84PBBDF",
    "team": "T0B72NU6T",
    "replace_original": false,
    "delete_original": false,
    "metadata": {
      "event_type": "",
      "event_payload": null
    },
    "blocks": [
      {
        "type": "rich_text",
        "block_id": "22sg+",
        "elements": [
          {
            "type": "rich_text_section",
            "elements": [
              {
                "type": "text",
                "text": "It is tomorrow, sorry for the confusion "
              }
            ]
          }
        ]
      }
    ],
    "user_team": "T0B72NU6T",
    "source_team": "T0B72NU6T",
    "user_profile": {
      "avatar_hash": "",
      "image_72": "https://avatars.slack-edge.com/2024-02-15/6643656474902_6c3529233870e7562721_72.png",
      "first_name": "Kylee",
      "real_name": "Kylee Brown",
      "display_name": "",
      "team": "T0B72NU6T",
      "name": "kyleeb2255",
      "is_restricted": false,
      "is_ultra_restricted": false
    }
  }
]
