[
  {
    "client_msg_id": "0f922dae-76cb-4a8a-9a1c-4777b4dd915b",
    "type": "message",
    "user": "U04KFNEKXFF",
    "text": "Who should I talk to in order to get information about which classes I need to take to graduate from the MISM program and to make a plan together?",
    "ts": "1760400127.284869",
    "thread_ts": "1760400127.284869",
    "reply_count": 1,
    "reply_users": [
      "U05QYKUN9AR"
    ],
    "replies": [
      {
        "user": "U05QYKUN9AR",
        "ts": "1760400217.482199"
      }
    ],
    "latest_reply": "1760400217.482199",
    "team": "T0B72NU6T",
    "replace_original": false,
    "delete_original": false,
    "metadata": {
      "event_type": "",
      "event_payload": null
    },
    "blocks": [
      {
        "type": "rich_text",
        "block_id": "1Nozr",
        "elements": [
          {
            "type": "rich_text_section",
            "elements": [
              {
                "type": "text",
                "text": "Who should I talk to in order to get information about which classes I need to take to graduate from the MISM program and to make a plan together?"
              }
            ]
          }
        ]
      }
    ],
    "user_team": "T0B72NU6T",
    "source_team": "T0B72NU6T",
    "user_profile": {
      "avatar_hash": "",
      "image_72": "https://avatars.slack-edge.com/2023-04-17/5123424757266_69d85bae07ddaf93dd2c_72.jpg",
      "first_name": "Aiki",
      "real_name": "Aiki Takaku",
      "display_name": "",
      "team": "T0B72NU6T",
      "name": "takaku",
      "is_restricted": false,
      "is_ultra_restricted": false
    },
    "reply_users_count": 1
  },
  {
    "client_msg_id": "0f90ab2d-7762-494b-9f18-fecf609b664d",
    "type": "message",
    "user": "U05QYKUN9AR",
    "text": "\u003c@U096053GZ28\u003e",
    "ts": "1760400217.482199",
    "thread_ts": "1760400127.284869",
    "parent_user_id": "U04KFNEKXFF",
    "team": "T0B72NU6T",
    "reactions": [
      {
        "name": "white_check_mark",
        "count": 1,
        "users": [
          "U0NHAMNQ6"
        ]
      },
      {
        "name": "pray",
        "count": 1,
        "users": [
          "U04KFNEKXFF"
        ]
      }
    ],
    "replace_original": false,
    "delete_original": false,
    "metadata": {
      "event_type": "",
      "event_payload": null
    },
    "blocks": [
      {
        "type": "rich_text",
        "block_id": "4ntOZ",
        "elements": [
          {
            "type": "rich_text_section",
            "elements": [
              {
                "type": "user",
                "user_id": "U096053GZ28"
              }
            ]
          }
        ]
      }
    ],
    "user_team": "T0B72NU6T",
    "source_team": "T0B72NU6T",
    "user_profile": {
      "avatar_hash": "",
      "image_72": "https://avatars.slack-edge.com/2024-01-26/6552645357937_5db7bb38023203a14a98_72.png",
      "first_name": "Madison",
      "real_name": "Madison Hutchings",
      "display_name": "",
      "team": "T0B72NU6T",
      "name": "madhutch",
      "is_restricted": false,
      "is_ultra_restricted": false
    }
  }
]
