[
  {
    "client_msg_id": "A1EC7CAB-BE32-4356-BDCD-96BDACC1B912",
    "type": "message",
    "user": "U07M8U50V7Z",
    "text": "Does anyone have the link to \u003c@U6Z7C855Y\u003e unlisted YouTube playlist for securing our web apps?",
    "ts": "1759360359.076859",
    "thread_ts": "1759360359.076859",
    "reply_count": 3,
    "reply_users": [
      "U06MY3B0RK3",
      "U07M8U50V7Z"
    ],
    "replies": [
      {
        "user": "U06MY3B0RK3",
        "ts": "1759366140.650909"
      },
      {
        "user": "U06MY3B0RK3",
        "ts": "1759366153.095169"
      },
      {
        "user": "U07M8U50V7Z",
        "ts": "1759366287.998089"
      }
    ],
    "latest_reply": "1759366287.998089",
    "team": "T0B72NU6T",
    "replace_original": false,
    "delete_original": false,
    "metadata": {
      "event_type": "",
      "event_payload": null
    },
    "blocks": [
      {
        "type": "rich_text",
        "block_id": "nReIP",
        "elements": [
          {
            "type": "rich_text_section",
            "elements": [
              {
                "type": "text",
                "text": "Does anyone have the link to "
              },
              {
                "type": "user",
                "user_id": "U6Z7C855Y"
              },
              {
                "type": "text",
                "text": " unlisted YouTube playlist for securing our web apps?"
              }
            ]
          }
        ]
      }
    ],
    "user_team": "T0B72NU6T",
    "source_team": "T0B72NU6T",
    "user_profile": {
      "avatar_hash": "",
      "image_72": "https://avatars.slack-edge.com/2024-10-14/7862386302887_6bd722fc3b92681521c6_72.png",
      "first_name": "Jacob",
      "real_name": "Jacob Boud",
      "display_name": "",
      "team": "T0B72NU6T",
      "name": "boudjac",
      "is_restricted": false,
      "is_ultra_restricted": false
    },
    "reply_users_count": 2
  },
  {
    "client_msg_id": "028abdb5-ac67-4ed5-ba98-bc41a9c2b6e4",
    "type": "message",
    "user": "U06MY3B0RK3",
    "text": "It's still in learningSuite: \u003chttps://learningsuite.byu.edu/.zDbk/cid-o8k-acsohPHX/student/pages/id-Xrq6\u003e\n\nContent -\u0026gt; Labs -\u0026gt; Lab: Auth \u0026amp; Web Application Security",
    "ts": "1759366140.650909",
    "thread_ts": "1759360359.076859",
    "parent_user_id": "U07M8U50V7Z",
    "team": "T0B72NU6T",
    "reactions": [
      {
        "name": "goat",
        "count": 1,
        "users": [
          "U07M8U50V7Z"
        ]
      }
    ],
    "replace_original": false,
    "delete_original": false,
    "metadata": {
      "event_type": "",
      "event_payload": null
    },
    "blocks": [
      {
        "type": "rich_text",
        "block_id": "DQ5I5",
        "elements": [
          {
            "type": "rich_text_section",
            "elements": [
              {
                "type": "text",
                "text": "It's still in learningSuite: "
              },
              {
                "type": "link",
                "url": "https://learningsuite.byu.edu/.zDbk/cid-o8k-acsohPHX/student/pages/id-Xrq6",
                "text": ""
              },
              {
                "type": "text",
                "text": "\n\nContent -\u003e Labs -\u003e Lab: Auth \u0026 Web Application Security"
              }
            ]
          }
        ]
      }
    ],
    "user_team": "T0B72NU6T",
    "source_team": "T0B72NU6T",
    "user_profile": {
      "avatar_hash": "",
      "image_72": "https://secure.gravatar.com/avatar/43d0504fcbdee04ece262f12088e1c03.jpg?s=72\u0026d=https%3A%2F%2Fa.slack-edge.com%2Fdf10d%2Fimg%2Favatars%2Fava_0026-72.png",
      "first_name": "Adam",
      "real_name": "Adam Aina",
      "display_name": "",
      "team": "T0B72NU6T",
      "name": "adkeaina",
      "is_restricted": false,
      "is_ultra_restricted": false
    }
  },
  {
    "client_msg_id": "a2df5b6a-b771-4c19-9449-c495bedcdc83",
    "type": "message",
    "user": "U06MY3B0RK3",
    "text": "I miss u \u003c@U07M8U50V7Z\u003e :cry:",
    "ts": "1759366153.095169",
    "thread_ts": "1759360359.076859",
    "parent_user_id": "U07M8U50V7Z",
    "team": "T0B72NU6T",
    "replace_original": false,
    "delete_original": false,
    "metadata": {
      "event_type": "",
      "event_payload": null
    },
    "blocks": [
      {
        "type": "rich_text",
        "block_id": "ONPEA",
        "elements": [
          {
            "type": "rich_text_section",
            "elements": [
              {
                "type": "text",
                "text": "I miss u "
              },
              {
                "type": "user",
                "user_id": "U07M8U50V7Z"
              },
              {
                "type": "text",
                "text": " "
              },
              {
                "type": "emoji",
                "name": "cry",
                "unicode": "1f622"
              }
            ]
          }
        ]
      }
    ],
    "user_team": "T0B72NU6T",
    "source_team": "T0B72NU6T",
    "user_profile": {
      "avatar_hash": "",
      "image_72": "https://secure.gravatar.com/avatar/43d0504fcbdee04ece262f12088e1c03.jpg?s=72\u0026d=https%3A%2F%2Fa.slack-edge.com%2Fdf10d%2Fimg%2Favatars%2Fava_0026-72.png",
      "first_name": "Adam",
      "real_name": "Adam Aina",
      "display_name": "",
      "team": "T0B72NU6T",
      "name": "adkeaina",
      "is_restricted": false,
      "is_ultra_restricted": false
    }
  },
  {
    "client_msg_id": "4190284A-1952-4D3D-8D22-D3205E0A3169",
    "type": "message",
    "user": "U07M8U50V7Z",
    "text": "Ohh ok thanks homie I miss you too :sleepy:",
    "ts": "1759366287.998089",
    "thread_ts": "1759360359.076859",
    "parent_user_id": "U07M8U50V7Z",
    "team": "T0B72NU6T",
    "replace_original": false,
    "delete_original": false,
    "metadata": {
      "event_type": "",
      "event_payload": null
    },
    "blocks": [
      {
        "type": "rich_text",
        "block_id": "CtPGn",
        "elements": [
          {
            "type": "rich_text_section",
            "elements": [
              {
                "type": "text",
                "text": "Ohh ok thanks homie I miss you too "
              },
              {
                "type": "emoji",
                "name": "sleepy",
                "unicode": "1f62a"
              }
            ]
          }
        ]
      }
    ],
    "user_team": "T0B72NU6T",
    "source_team": "T0B72NU6T",
    "user_profile": {
      "avatar_hash": "",
      "image_72": "https://avatars.slack-edge.com/2024-10-14/7862386302887_6bd722fc3b92681521c6_72.png",
      "first_name": "Jacob",
      "real_name": "Jacob Boud",
      "display_name": "",
      "team": "T0B72NU6T",
      "name": "boudjac",
      "is_restricted": false,
      "is_ultra_restricted": false
    }
  },
  {
    "client_msg_id": "DADB26A5-53E5-4463-9922-D74898F5B696",
    "type": "message",
    "user": "U04M4FJ7B2R",
    "text": "Does anyone use Miro regularly at work or in past internships? If so could I ask you a few questions and interview you as a Miro product user? ",
    "ts": "1759369281.027339",
    "team": "T0B72NU6T",
    "replace_original": false,
    "delete_original": false,
    "metadata": {
      "event_type": "",
      "event_payload": null
    },
    "blocks": [
      {
        "type": "rich_text",
        "block_id": "FkE4w",
        "elements": [
          {
            "type": "rich_text_section",
            "elements": [
              {
                "type": "text",
                "text": "Does anyone use Miro regularly at work or in past internships? If so could I ask you a few questions and interview you as a Miro product user? "
              }
            ]
          }
        ]
      }
    ],
    "user_team": "T0B72NU6T",
    "source_team": "T0B72NU6T",
    "user_profile": {
      "avatar_hash": "",
      "image_72": "https://avatars.slack-edge.com/2025-10-09/9670442883782_350ea49d03f52b6059fb_72.png",
      "first_name": "Natali",
      "real_name": "Natali Mendoza",
      "display_name": "",
      "team": "T0B72NU6T",
      "name": "bookworm2035",
      "is_restricted": false,
      "is_ultra_restricted": false
    }
  }
]
