[
  {
    "client_msg_id": "72d2d174-17da-407b-80fc-bcc452e37718",
    "type": "message",
    "user": "U09EJNMHE1X",
    "text": "Hey all! I have a friend needing some help with a website for a service program. This is probably more for seniors/masters students, but if you feel like you can add value please reach out to him. This is a great opportunity for some volunteer hours and would be a great talking point in interviews! Here's his message:\n\n\"Hello! My name is Eric White, I am the chapter president of a Y Serve program called Village Book Builders. The program pairs college students in the US with younger students in Africa and Mexico and sets up a weekly recurring meeting for the college student mentors to help their mentee with schoolwork and learning English.\n\nRecently the program has had some troubles with the process that new volunteers go through to create an account and start mentoring. They asked me to see if I could find someone to help fix some of the bugs. It seems like it would just involve changing the form on the website that collects the info from mentors so they can get paired with the right student.\n\nIf you have the expertise for that and would be willing to put in a couple volunteer hours helping me out, please reach out and we can talk more! My number is\n\n\u003ctel:5715207005|(571) 520-7005\u003e\"",
    "ts": "1763566721.222219",
    "team": "T0B72NU6T",
    "reactions": [
      {
        "name": "raised_hands",
        "count": 1,
        "users": [
          "U07T843R21F"
        ]
      }
    ],
    "replace_original": false,
    "delete_original": false,
    "metadata": {
      "event_type": "",
      "event_payload": null
    },
    "blocks": [
      {
        "type": "rich_text",
        "block_id": "wkDtM",
        "elements": [
          {
            "type": "rich_text_section",
            "elements": [
              {
                "type": "text",
                "text": "Hey all! I have a friend needing some help with a website for a service program. This is probably more for seniors/masters students, but if you feel like you can add value please reach out to him. This is a great opportunity for some volunteer hours and would be a great talking point in interviews! Here's his message:\n\n\"Hello! My name is Eric White, I am the chapter president of a Y Serve program called Village Book Builders. The program pairs college students in the US with younger students in Africa and Mexico and sets up a weekly recurring meeting for the college student mentors to help their mentee with schoolwork and learning English.\n\nRecently the program has had some troubles with the process that new volunteers go through to create an account and start mentoring. They asked me to see if I could find someone to help fix some of the bugs. It seems like it would just involve changing the form on the website that collects the info from mentors so they can get paired with the right student.\n\nIf you have the expertise for that and would be willing to put in a couple volunteer hours helping me out, please reach out and we can talk more! My number is\n\n"
              },
              {
                "type": "link",
                "url": "tel:5715207005",
                "text": "(571) 520-7005"
              },
              {
                "type": "text",
                "text": "\""
              }
            ]
          }
        ]
      }
    ],
    "user_team": "T0B72NU6T",
    "source_team": "T0B72NU6T",
    "user_profile": {
      "avatar_hash": "",
      "image_72": "https://avatars.slack-edge.com/2025-10-21/9745735531300_b9e0e8783c4106803f00_72.jpg",
      "first_name": "Isaac",
      "real_name": "Isaac Pratte",
      "display_name": "Isaac Pratte",
      "team": "T0B72NU6T",
      "name": "iipratte",
      "is_restricted": false,
      "is_ultra_restricted": false
    }
  },
  {
    "client_msg_id": "0e032324-40c8-4944-816e-b469482770e5",
    "type": "message",
    "user": "U0626JX7UUC",
    "text": "I know this is old but I was talking to some BYU alum that work there if you want to get in touch with them",
    "ts": "1763598656.872169",
    "thread_ts": "1758915562.736879",
    "parent_user_id": "U06637JSSER",
    "team": "T0B72NU6T",
    "replace_original": false,
    "delete_original": false,
    "metadata": {
      "event_type": "",
      "event_payload": null
    },
    "blocks": [
      {
        "type": "rich_text",
        "block_id": "i+kpG",
        "elements": [
          {
            "type": "rich_text_section",
            "elements": [
              {
                "type": "text",
                "text": "I know this is old but I was talking to some BYU alum that work there if you want to get in touch with them"
              }
            ]
          }
        ]
      }
    ],
    "user_team": "T0B72NU6T",
    "source_team": "T0B72NU6T",
    "user_profile": {
      "avatar_hash": "",
      "image_72": "https://secure.gravatar.com/avatar/bcce9078ea35b1abc1ac25350069fc1a.jpg?s=72\u0026d=https%3A%2F%2Fa.slack-edge.com%2Fdf10d%2Fimg%2Favatars%2Fava_0015-72.png",
      "first_name": "Bryce",
      "real_name": "Bryce Whitworth",
      "display_name": "",
      "team": "T0B72NU6T",
      "name": "bryce512",
      "is_restricted": false,
      "is_ultra_restricted": false
    }
  },
  {
    "client_msg_id": "971a3012-20b4-42a3-9d32-b7078fe6db8c",
    "type": "message",
    "user": "U06637JSSER",
    "text": "Yes please",
    "ts": "1763598822.708429",
    "thread_ts": "1758915562.736879",
    "parent_user_id": "U06637JSSER",
    "team": "T0B72NU6T",
    "replace_original": false,
    "delete_original": false,
    "metadata": {
      "event_type": "",
      "event_payload": null
    },
    "blocks": [
      {
        "type": "rich_text",
        "block_id": "szJ/y",
        "elements": [
          {
            "type": "rich_text_section",
            "elements": [
              {
                "type": "text",
                "text": "Yes please"
              }
            ]
          }
        ]
      }
    ],
    "user_team": "T0B72NU6T",
    "source_team": "T0B72NU6T",
    "user_profile": {
      "avatar_hash": "",
      "image_72": "https://avatars.slack-edge.com/2025-06-09/9014467938627_2249c50920d8d5fb6e4d_72.jpg",
      "first_name": "Caydn",
      "real_name": "Caydn Baldwin",
      "display_name": "",
      "team": "T0B72NU6T",
      "name": "caydn",
      "is_restricted": false,
      "is_ultra_restricted": false
    }
  },
  {
    "client_msg_id": "723E35EF-EE34-4832-9ED3-D167510B3748",
    "type": "message",
    "user": "U0626JX7UUC",
    "text": "Send me your number and I’ll put you in a gc",
    "ts": "1763598860.712989",
    "thread_ts": "1758915562.736879",
    "parent_user_id": "U06637JSSER",
    "team": "T0B72NU6T",
    "replace_original": false,
    "delete_original": false,
    "metadata": {
      "event_type": "",
      "event_payload": null
    },
    "blocks": [
      {
        "type": "rich_text",
        "block_id": "x/0L+",
        "elements": [
          {
            "type": "rich_text_section",
            "elements": [
              {
                "type": "text",
                "text": "Send me your number and "
              },
              {
                "type": "text",
                "text": "I’ll"
              },
              {
                "type": "text",
                "text": " put you in a gc"
              }
            ]
          }
        ]
      }
    ],
    "user_team": "T0B72NU6T",
    "source_team": "T0B72NU6T",
    "user_profile": {
      "avatar_hash": "",
      "image_72": "https://secure.gravatar.com/avatar/bcce9078ea35b1abc1ac25350069fc1a.jpg?s=72\u0026d=https%3A%2F%2Fa.slack-edge.com%2Fdf10d%2Fimg%2Favatars%2Fava_0015-72.png",
      "first_name": "Bryce",
      "real_name": "Bryce Whitworth",
      "display_name": "",
      "team": "T0B72NU6T",
      "name": "bryce512",
      "is_restricted": false,
      "is_ultra_restricted": false
    }
  },
  {
    "client_msg_id": "3B482E99-39BA-44BD-8B4D-ACB95D7461AB",
    "type": "message",
    "user": "U0626JX7UUC",
    "text": "Well actually, Cameron stone is his name, he’s recruiting byu kids",
    "ts": "1763598892.303269",
    "thread_ts": "1758915562.736879",
    "parent_user_id": "U06637JSSER",
    "team": "T0B72NU6T",
    "replace_original": false,
    "delete_original": false,
    "metadata": {
      "event_type": "",
      "event_payload": null
    },
    "blocks": [
      {
        "type": "rich_text",
        "block_id": "2L2v/",
        "elements": [
          {
            "type": "rich_text_section",
            "elements": [
              {
                "type": "text",
                "text": "Well actually, Cameron stone is his name, "
              },
              {
                "type": "text",
                "text": "he’s"
              },
              {
                "type": "text",
                "text": " recruiting byu kids"
              }
            ]
          }
        ]
      }
    ],
    "user_team": "T0B72NU6T",
    "source_team": "T0B72NU6T",
    "user_profile": {
      "avatar_hash": "",
      "image_72": "https://secure.gravatar.com/avatar/bcce9078ea35b1abc1ac25350069fc1a.jpg?s=72\u0026d=https%3A%2F%2Fa.slack-edge.com%2Fdf10d%2Fimg%2Favatars%2Fava_0015-72.png",
      "first_name": "Bryce",
      "real_name": "Bryce Whitworth",
      "display_name": "",
      "team": "T0B72NU6T",
      "name": "bryce512",
      "is_restricted": false,
      "is_ultra_restricted": false
    }
  },
  {
    "client_msg_id": "4A007E72-C77B-4226-895E-D834CB25E54C",
    "type": "message",
    "user": "U0626JX7UUC",
    "text": "\u003chttps://www.linkedin.com/in/cameron-stone-422136197/|https://www.linkedin.com/in/cameron-stone-422136197/\u003e",
    "ts": "1763598943.113879",
    "thread_ts": "1758915562.736879",
    "attachments": [
      {
        "fallback": "Cameron Stone - Palantir Technologies | LinkedIn",
        "id": 1,
        "title": "Cameron Stone - Palantir Technologies | LinkedIn",
        "title_link": "https://www.linkedin.com/in/cameron-stone-422136197/",
        "text": "I\u0026amp;#39;m an engineer at Palantir Technologies and am loving it! · Experience: Palantir Technologies · Education: Harvard University · Location: New York · 500+ connections on LinkedIn. View Cameron Stone’s profile on LinkedIn, a professional community of 1 billion members.",
        "thumb_url": "https://media.licdn.com/dms/image/v2/D4E03AQEECAdWcz_66w/profile-displayphoto-shrink_200_200/B4EZpcWxmbKsAY-/0/1762486066172?e=2147483647\u0026v=beta\u0026t=7-xxsu_Z5y7ZHWVZVI-JX71Gdy43TPZqqdoiGlPnDZc",
        "service_name": "linkedin.com",
        "service_icon": "https://static.licdn.com/aero-v1/sc/h/al2o9zrvru7aqj8e1x2rzsrca",
        "from_url": "https://www.linkedin.com/in/cameron-stone-422136197/",
        "original_url": "https://www.linkedin.com/in/cameron-stone-422136197/",
        "blocks": null
      }
    ],
    "parent_user_id": "U06637JSSER",
    "team": "T0B72NU6T",
    "replace_original": false,
    "delete_original": false,
    "metadata": {
      "event_type": "",
      "event_payload": null
    },
    "blocks": [
      {
        "type": "rich_text",
        "block_id": "QGREN",
        "elements": [
          {
            "type": "rich_text_section",
            "elements": [
              {
                "type": "link",
                "url": "https://www.linkedin.com/in/cameron-stone-422136197/",
                "text": "https://www.linkedin.com/in/cameron-stone-422136197/"
              }
            ]
          }
        ]
      }
    ],
    "user_team": "T0B72NU6T",
    "source_team": "T0B72NU6T",
    "user_profile": {
      "avatar_hash": "",
      "image_72": "https://secure.gravatar.com/avatar/bcce9078ea35b1abc1ac25350069fc1a.jpg?s=72\u0026d=https%3A%2F%2Fa.slack-edge.com%2Fdf10d%2Fimg%2Favatars%2Fava_0015-72.png",
      "first_name": "Bryce",
      "real_name": "Bryce Whitworth",
      "display_name": "",
      "team": "T0B72NU6T",
      "name": "bryce512",
      "is_restricted": false,
      "is_ultra_restricted": false
    }
  },
  {
    "client_msg_id": "a72aab1d-4997-4490-b0f2-ae3f0c44763a",
    "type": "message",
    "user": "U06637JSSER",
    "text": "Awesome, thanks!",
    "ts": "1763600533.063129",
    "thread_ts": "1758915562.736879",
    "parent_user_id": "U06637JSSER",
    "team": "T0B72NU6T",
    "replace_original": false,
    "delete_original": false,
    "metadata": {
      "event_type": "",
      "event_payload": null
    },
    "blocks": [
      {
        "type": "rich_text",
        "block_id": "9aVi6",
        "elements": [
          {
            "type": "rich_text_section",
            "elements": [
              {
                "type": "text",
                "text": "Awesome, thanks!"
              }
            ]
          }
        ]
      }
    ],
    "user_team": "T0B72NU6T",
    "source_team": "T0B72NU6T",
    "user_profile": {
      "avatar_hash": "",
      "image_72": "https://avatars.slack-edge.com/2025-06-09/9014467938627_2249c50920d8d5fb6e4d_72.jpg",
      "first_name": "Caydn",
      "real_name": "Caydn Baldwin",
      "display_name": "",
      "team": "T0B72NU6T",
      "name": "caydn",
      "is_restricted": false,
      "is_ultra_restricted": false
    }
  }
]
