[
  {
    "client_msg_id": "06b593e6-10e3-41e1-80db-6cb778458d61",
    "type": "message",
    "user": "U049DGXKJCX",
    "text": "Anyone have any recommendations on good ways to contact people at companies you're interested in that isn't paying for LinkedIn premium?",
    "ts": "1758901237.644929",
    "thread_ts": "1758901237.644929",
    "reply_count": 9,
    "reply_users": [
      "U049DGXKJCX",
      "U05QUTWC0CW",
      "U07T843R21F",
      "U09E92SP5CM",
      "UEUQ1RH5L"
    ],
    "replies": [
      {
        "user": "U05QUTWC0CW",
        "ts": "1758902283.781249"
      },
      {
        "user": "U05QUTWC0CW",
        "ts": "1758902331.875199"
      },
      {
        "user": "U049DGXKJCX",
        "ts": "1758906194.148579"
      },
      {
        "user": "U07T843R21F",
        "ts": "1758907728.816439"
      },
      {
        "user": "U09E92SP5CM",
        "ts": "1758907886.362729"
      },
      {
        "user": "U07T843R21F",
        "ts": "1758921404.099609"
      },
      {
        "user": "U049DGXKJCX",
        "ts": "1758924216.505789"
      },
      {
        "user": "UEUQ1RH5L",
        "ts": "1758926403.724549"
      },
      {
        "user": "U07T843R21F",
        "ts": "1758926466.086559"
      }
    ],
    "latest_reply": "1758926466.086559",
    "team": "T0B72NU6T",
    "replace_original": false,
    "delete_original": false,
    "metadata": {
      "event_type": "",
      "event_payload": null
    },
    "blocks": [
      {
        "type": "rich_text",
        "block_id": "gnstX",
        "elements": [
          {
            "type": "rich_text_section",
            "elements": [
              {
                "type": "text",
                "text": "Anyone have any recommendations on good ways to contact people at companies you're interested in that isn't paying for LinkedIn premium?"
              }
            ]
          }
        ]
      }
    ],
    "user_team": "T0B72NU6T",
    "source_team": "T0B72NU6T",
    "user_profile": {
      "avatar_hash": "",
      "image_72": "https://avatars.slack-edge.com/2023-10-07/6019415460145_ed6382cec3ef8d5d953d_72.jpg",
      "first_name": "Jacob",
      "real_name": "Jacob Sargent",
      "display_name": "Jacob Sargent",
      "team": "T0B72NU6T",
      "name": "jacob.r.sargent17",
      "is_restricted": false,
      "is_ultra_restricted": false
    },
    "reply_users_count": 5
  },
  {
    "client_msg_id": "44b6fd1f-caed-49a6-93e8-3edf04b79585",
    "type": "message",
    "user": "U05QUTWC0CW",
    "text": "\u003c@U07T843R21F\u003e showed this to me yesterday! You can go to the company’s page and click on people tab. From there, you can put in a keyword that could filter for BYU or any job titles you might be looking for!",
    "ts": "1758902283.781249",
    "thread_ts": "1758901237.644929",
    "parent_user_id": "U049DGXKJCX",
    "team": "T0B72NU6T",
    "reactions": [
      {
        "name": "raised_hands",
        "count": 2,
        "users": [
          "U07T843R21F",
          "U049DGXKJCX"
        ]
      },
      {
        "name": "eyes",
        "count": 1,
        "users": [
          "U0NHAMNQ6"
        ]
      }
    ],
    "replace_original": false,
    "delete_original": false,
    "metadata": {
      "event_type": "",
      "event_payload": null
    },
    "blocks": [
      {
        "type": "rich_text",
        "block_id": "0tFC2",
        "elements": [
          {
            "type": "rich_text_section",
            "elements": [
              {
                "type": "user",
                "user_id": "U07T843R21F"
              },
              {
                "type": "text",
                "text": " showed this to me yesterday! You can go to the company’s page and click on people tab. From there, you can put in a keyword that could filter for BYU or any job titles you might be looking for!"
              }
            ]
          }
        ]
      }
    ],
    "user_team": "T0B72NU6T",
    "source_team": "T0B72NU6T",
    "user_profile": {
      "avatar_hash": "",
      "image_72": "https://avatars.slack-edge.com/2025-09-18/9543906465922_0916cca558ca26b71aeb_72.jpg",
      "first_name": "Hayden",
      "real_name": "Hayden Cowart",
      "display_name": "",
      "team": "T0B72NU6T",
      "name": "haydenecowart",
      "is_restricted": false,
      "is_ultra_restricted": false
    }
  },
  {
    "client_msg_id": "e1ee5140-c665-4775-8d6e-c45fa1c7f7e2",
    "type": "message",
    "user": "U05QUTWC0CW",
    "text": "Let me know if you need help finding it, and I can show you :grin::+1:",
    "ts": "1758902331.875199",
    "thread_ts": "1758901237.644929",
    "parent_user_id": "U049DGXKJCX",
    "team": "T0B72NU6T",
    "replace_original": false,
    "delete_original": false,
    "metadata": {
      "event_type": "",
      "event_payload": null
    },
    "blocks": [
      {
        "type": "rich_text",
        "block_id": "ff+5E",
        "elements": [
          {
            "type": "rich_text_section",
            "elements": [
              {
                "type": "text",
                "text": "Let me know if you need help finding it, and I can show you "
              },
              {
                "type": "emoji",
                "name": "grin",
                "unicode": "1f601"
              },
              {
                "type": "emoji",
                "name": "thumbsup",
                "unicode": "1f44d"
              }
            ]
          }
        ]
      }
    ],
    "user_team": "T0B72NU6T",
    "source_team": "T0B72NU6T",
    "user_profile": {
      "avatar_hash": "",
      "image_72": "https://avatars.slack-edge.com/2025-09-18/9543906465922_0916cca558ca26b71aeb_72.jpg",
      "first_name": "Hayden",
      "real_name": "Hayden Cowart",
      "display_name": "",
      "team": "T0B72NU6T",
      "name": "haydenecowart",
      "is_restricted": false,
      "is_ultra_restricted": false
    }
  },
  {
    "client_msg_id": "f676d760-6fec-4b92-9add-bc5af6e67393",
    "type": "message",
    "user": "U049DGXKJCX",
    "text": "Right, right but then to message them when you send a connection request LinkedIn only gives you like three free ones a month or something unless you pay for premium. Or are you saying connect with them first and then send them a message?",
    "ts": "1758906194.148579",
    "thread_ts": "1758901237.644929",
    "parent_user_id": "U049DGXKJCX",
    "team": "T0B72NU6T",
    "replace_original": false,
    "delete_original": false,
    "metadata": {
      "event_type": "",
      "event_payload": null
    },
    "blocks": [
      {
        "type": "rich_text",
        "block_id": "ljIhy",
        "elements": [
          {
            "type": "rich_text_section",
            "elements": [
              {
                "type": "text",
                "text": "Right, right but then to message them when you send a connection request LinkedIn only gives you like three free ones a month or something unless you pay for premium. Or are you saying connect with them first and then send them a message?"
              }
            ]
          }
        ]
      }
    ],
    "user_team": "T0B72NU6T",
    "source_team": "T0B72NU6T",
    "user_profile": {
      "avatar_hash": "",
      "image_72": "https://avatars.slack-edge.com/2023-10-07/6019415460145_ed6382cec3ef8d5d953d_72.jpg",
      "first_name": "Jacob",
      "real_name": "Jacob Sargent",
      "display_name": "Jacob Sargent",
      "team": "T0B72NU6T",
      "name": "jacob.r.sargent17",
      "is_restricted": false,
      "is_ultra_restricted": false
    }
  },
  {
    "client_msg_id": "4e22bf5a-8c3f-4e2a-bbf6-971f90dcc9e4",
    "type": "message",
    "user": "U07T843R21F",
    "text": "\u003c@U049DGXKJCX\u003e - Go to one of their posts and make a comment. They'll notice you even if you're not connected.",
    "ts": "1758907728.816439",
    "thread_ts": "1758901237.644929",
    "parent_user_id": "U049DGXKJCX",
    "team": "T0B72NU6T",
    "reactions": [
      {
        "name": "+1",
        "count": 1,
        "users": [
          "U049DGXKJCX"
        ]
      },
      {
        "name": "point_up",
        "count": 1,
        "users": [
          "U02P05XRC76"
        ]
      },
      {
        "name": "eyes",
        "count": 1,
        "users": [
          "U0NHAMNQ6"
        ]
      }
    ],
    "replace_original": false,
    "delete_original": false,
    "metadata": {
      "event_type": "",
      "event_payload": null
    },
    "blocks": [
      {
        "type": "rich_text",
        "block_id": "1eGiH",
        "elements": [
          {
            "type": "rich_text_section",
            "elements": [
              {
                "type": "user",
                "user_id": "U049DGXKJCX"
              },
              {
                "type": "text",
                "text": " - Go to one of their posts and make a comment. They'll notice you even if you're not connected."
              }
            ]
          }
        ]
      }
    ],
    "user_team": "T0B72NU6T",
    "source_team": "T0B72NU6T",
    "user_profile": {
      "avatar_hash": "",
      "image_72": "https://avatars.slack-edge.com/2024-10-21/7936270980896_c3cd52336cfab4edec83_72.png",
      "first_name": "Shelley",
      "real_name": "Shelley Hunter",
      "display_name": "",
      "team": "T0B72NU6T",
      "name": "sah296",
      "is_restricted": false,
      "is_ultra_restricted": false
    }
  },
  {
    "client_msg_id": "fb948879-6e57-4a47-ab60-7dc631030f16",
    "type": "message",
    "user": "U09E92SP5CM",
    "text": "I also just send an invite to connect and message them once they accept. Usually if you're already filtering for BYU alum or IS grads they'll accept. Sometimes they also have an email listed in their contact info.",
    "ts": "1758907886.362729",
    "thread_ts": "1758901237.644929",
    "parent_user_id": "U049DGXKJCX",
    "team": "T0B72NU6T",
    "reactions": [
      {
        "name": "+1",
        "count": 2,
        "users": [
          "U049DGXKJCX",
          "UEUQ1RH5L"
        ]
      },
      {
        "name": "eyes",
        "count": 1,
        "users": [
          "U0NHAMNQ6"
        ]
      }
    ],
    "replace_original": false,
    "delete_original": false,
    "metadata": {
      "event_type": "",
      "event_payload": null
    },
    "blocks": [
      {
        "type": "rich_text",
        "block_id": "SXBaJ",
        "elements": [
          {
            "type": "rich_text_section",
            "elements": [
              {
                "type": "text",
                "text": "I also just send an invite to connect and message them once they accept. Usually if you're already filtering for BYU alum or IS grads they'll accept. Sometimes they also have an email listed in their contact info."
              }
            ]
          }
        ]
      }
    ],
    "user_team": "T0B72NU6T",
    "source_team": "T0B72NU6T",
    "user_profile": {
      "avatar_hash": "",
      "image_72": "https://avatars.slack-edge.com/2025-09-22/9561296414069_f3545f976d0e1f19095d_72.jpg",
      "first_name": "Lincoln",
      "real_name": "Lincoln Adams",
      "display_name": "Lincoln Adams",
      "team": "T0B72NU6T",
      "name": "lincolnadams",
      "is_restricted": false,
      "is_ultra_restricted": false
    }
  },
  {
    "client_msg_id": "d851ca97-9778-42b4-8ccf-6c059322313c",
    "type": "message",
    "user": "U06637JSSER",
    "text": "Does anybody in this chat actively work for, or have previously worked for Palantir?",
    "ts": "1758915562.736879",
    "thread_ts": "1758915562.736879",
    "reply_count": 6,
    "reply_users": [
      "U0626JX7UUC",
      "U06637JSSER"
    ],
    "replies": [
      {
        "user": "U0626JX7UUC",
        "ts": "1763598656.872169"
      },
      {
        "user": "U06637JSSER",
        "ts": "1763598822.708429"
      },
      {
        "user": "U0626JX7UUC",
        "ts": "1763598860.712989"
      },
      {
        "user": "U0626JX7UUC",
        "ts": "1763598892.303269"
      },
      {
        "user": "U0626JX7UUC",
        "ts": "1763598943.113879"
      },
      {
        "user": "U06637JSSER",
        "ts": "1763600533.063129"
      }
    ],
    "latest_reply": "1763600533.063129",
    "team": "T0B72NU6T",
    "replace_original": false,
    "delete_original": false,
    "metadata": {
      "event_type": "",
      "event_payload": null
    },
    "blocks": [
      {
        "type": "rich_text",
        "block_id": "xlWDH",
        "elements": [
          {
            "type": "rich_text_section",
            "elements": [
              {
                "type": "text",
                "text": "Does anybody in this chat actively work for, or have previously worked for Palantir?"
              }
            ]
          }
        ]
      }
    ],
    "user_team": "T0B72NU6T",
    "source_team": "T0B72NU6T",
    "user_profile": {
      "avatar_hash": "",
      "image_72": "https://avatars.slack-edge.com/2025-06-09/9014467938627_2249c50920d8d5fb6e4d_72.jpg",
      "first_name": "Caydn",
      "real_name": "Caydn Baldwin",
      "display_name": "",
      "team": "T0B72NU6T",
      "name": "caydn",
      "is_restricted": false,
      "is_ultra_restricted": false
    },
    "reply_users_count": 2
  },
  {
    "client_msg_id": "bc940bef-2ba6-48f2-9107-8f5edfbfbc2c",
    "type": "message",
    "user": "U07T843R21F",
    "text": "If you're stuck... reach out to me or \u003c@U0NHAMNQ6\u003e - we'll find a way for you to connect.",
    "ts": "1758921404.099609",
    "thread_ts": "1758901237.644929",
    "parent_user_id": "U049DGXKJCX",
    "team": "T0B72NU6T",
    "reactions": [
      {
        "name": "+1",
        "count": 1,
        "users": [
          "U049DGXKJCX"
        ]
      },
      {
        "name": "eyes",
        "count": 1,
        "users": [
          "U0NHAMNQ6"
        ]
      }
    ],
    "replace_original": false,
    "delete_original": false,
    "metadata": {
      "event_type": "",
      "event_payload": null
    },
    "blocks": [
      {
        "type": "rich_text",
        "block_id": "uAGwo",
        "elements": [
          {
            "type": "rich_text_section",
            "elements": [
              {
                "type": "text",
                "text": "If you're stuck... reach out to me or "
              },
              {
                "type": "user",
                "user_id": "U0NHAMNQ6"
              },
              {
                "type": "text",
                "text": " - we'll find a way for you to connect."
              }
            ]
          }
        ]
      }
    ],
    "user_team": "T0B72NU6T",
    "source_team": "T0B72NU6T",
    "user_profile": {
      "avatar_hash": "",
      "image_72": "https://avatars.slack-edge.com/2024-10-21/7936270980896_c3cd52336cfab4edec83_72.png",
      "first_name": "Shelley",
      "real_name": "Shelley Hunter",
      "display_name": "",
      "team": "T0B72NU6T",
      "name": "sah296",
      "is_restricted": false,
      "is_ultra_restricted": false
    }
  },
  {
    "client_msg_id": "ea385577-3842-4471-949e-21e3c88fd221",
    "type": "message",
    "user": "U049DGXKJCX",
    "text": "\u003c@U07T843R21F\u003e great, thank you!",
    "ts": "1758924216.505789",
    "thread_ts": "1758901237.644929",
    "parent_user_id": "U049DGXKJCX",
    "team": "T0B72NU6T",
    "replace_original": false,
    "delete_original": false,
    "metadata": {
      "event_type": "",
      "event_payload": null
    },
    "blocks": [
      {
        "type": "rich_text",
        "block_id": "QABxs",
        "elements": [
          {
            "type": "rich_text_section",
            "elements": [
              {
                "type": "user",
                "user_id": "U07T843R21F"
              },
              {
                "type": "text",
                "text": " great, thank you!"
              }
            ]
          }
        ]
      }
    ],
    "user_team": "T0B72NU6T",
    "source_team": "T0B72NU6T",
    "user_profile": {
      "avatar_hash": "",
      "image_72": "https://avatars.slack-edge.com/2023-10-07/6019415460145_ed6382cec3ef8d5d953d_72.jpg",
      "first_name": "Jacob",
      "real_name": "Jacob Sargent",
      "display_name": "Jacob Sargent",
      "team": "T0B72NU6T",
      "name": "jacob.r.sargent17",
      "is_restricted": false,
      "is_ultra_restricted": false
    }
  },
  {
    "client_msg_id": "bcaf5a68-4b59-4275-860b-f78624b1c58e",
    "type": "message",
    "user": "UEUQ1RH5L",
    "text": "Nothing wrong with sending a connection request, if I see one from a BYU student I figure they're looking for a referral.",
    "ts": "1758926403.724549",
    "thread_ts": "1758901237.644929",
    "parent_user_id": "U049DGXKJCX",
    "team": "T0B72NU6T",
    "reactions": [
      {
        "name": "heart",
        "count": 3,
        "users": [
          "U07T843R21F",
          "U049DGXKJCX",
          "U05QUTWC0CW"
        ]
      },
      {
        "name": "eyes",
        "count": 1,
        "users": [
          "U0NHAMNQ6"
        ]
      }
    ],
    "replace_original": false,
    "delete_original": false,
    "metadata": {
      "event_type": "",
      "event_payload": null
    },
    "blocks": [
      {
        "type": "rich_text",
        "block_id": "5P9Xc",
        "elements": [
          {
            "type": "rich_text_section",
            "elements": [
              {
                "type": "text",
                "text": "Nothing wrong with sending a connection request, if I see one from a BYU student I figure they're looking for a referral."
              }
            ]
          }
        ]
      }
    ],
    "user_team": "T0B72NU6T",
    "source_team": "T0B72NU6T",
    "user_profile": {
      "avatar_hash": "",
      "image_72": "https://avatars.slack-edge.com/2024-12-18/8193513209429_1ddd84befc04209ca162_72.png",
      "first_name": "Gavin",
      "real_name": "Gavin Squire",
      "display_name": "",
      "team": "T0B72NU6T",
      "name": "onemoretry",
      "is_restricted": false,
      "is_ultra_restricted": false
    }
  },
  {
    "client_msg_id": "c5de955c-c0e8-4a85-9867-75a756f619f9",
    "type": "message",
    "user": "U07T843R21F",
    "text": "** I think Jacob's biggest question ... is without being on *PREMIUM*.\nMy advice on that - do the free 30-day trial and use it to the fullest...then cancel if you need to.",
    "ts": "1758926466.086559",
    "thread_ts": "1758901237.644929",
    "parent_user_id": "U049DGXKJCX",
    "team": "T0B72NU6T",
    "reactions": [
      {
        "name": "eyes",
        "count": 1,
        "users": [
          "U0NHAMNQ6"
        ]
      }
    ],
    "replace_original": false,
    "delete_original": false,
    "metadata": {
      "event_type": "",
      "event_payload": null
    },
    "blocks": [
      {
        "type": "rich_text",
        "block_id": "2G8et",
        "elements": [
          {
            "type": "rich_text_section",
            "elements": [
              {
                "type": "text",
                "text": "** I think Jacob's biggest question ... is without being on "
              },
              {
                "type": "text",
                "text": "PREMIUM",
                "style": {
                  "bold": true
                }
              },
              {
                "type": "text",
                "text": ".\nMy advice on that - do the free 30-day trial and use it to the fullest...then cancel if you need to."
              }
            ]
          }
        ]
      }
    ],
    "user_team": "T0B72NU6T",
    "source_team": "T0B72NU6T",
    "user_profile": {
      "avatar_hash": "",
      "image_72": "https://avatars.slack-edge.com/2024-10-21/7936270980896_c3cd52336cfab4edec83_72.png",
      "first_name": "Shelley",
      "real_name": "Shelley Hunter",
      "display_name": "",
      "team": "T0B72NU6T",
      "name": "sah296",
      "is_restricted": false,
      "is_ultra_restricted": false
    }
  }
]
