[
  {
    "client_msg_id": "ba226c04-b1d6-4fe8-a13a-bce36994083f",
    "type": "message",
    "user": "U0HM7RR6Z",
    "text": "\u003c@U09EJS41A21\u003e : Is there anybody going to the pies w/ professors w/ Tom Meservy who would be willing to give me a ride?",
    "ts": "1762188448.078389",
    "thread_ts": "1762188448.078389",
    "reply_count": 1,
    "reply_users": [
      "U09DHJ1MCUC"
    ],
    "replies": [
      {
        "user": "U09DHJ1MCUC",
        "ts": "1762272502.950899"
      }
    ],
    "latest_reply": "1762272502.950899",
    "team": "T0B72NU6T",
    "replace_original": false,
    "delete_original": false,
    "metadata": {
      "event_type": "",
      "event_payload": null
    },
    "blocks": [
      {
        "type": "rich_text",
        "block_id": "NzHXR",
        "elements": [
          {
            "type": "rich_text_section",
            "elements": [
              {
                "type": "user",
                "user_id": "U09EJS41A21"
              },
              {
                "type": "text",
                "text": " : Is there anybody going to the pies w/ professors w/ Tom Meservy who would be willing to give me a ride?"
              }
            ]
          }
        ]
      }
    ],
    "user_team": "T0B72NU6T",
    "source_team": "T0B72NU6T",
    "user_profile": {
      "avatar_hash": "",
      "image_72": "https://avatars.slack-edge.com/2016-09-08/77690983955_f39dc710c4050e9378e7_72.png",
      "first_name": "AIS",
      "real_name": "AIS Admin",
      "display_name": "aisadmin",
      "team": "T0B72NU6T",
      "name": "aisadmin",
      "is_restricted": false,
      "is_ultra_restricted": false
    },
    "reply_users_count": 1
  }
]
