[
  {
    "client_msg_id": "8f83e83a-3155-4c68-9312-c5bdce56ade1",
    "type": "message",
    "user": "U088KLUDYMP",
    "text": "Amazing, thank you \u003c@U01TP7DLDQR\u003e",
    "ts": "1757943053.591859",
    "thread_ts": "1757901593.831579",
    "parent_user_id": "U088KLUDYMP",
    "team": "T0B72NU6T",
    "reactions": [
      {
        "name": "heart",
        "count": 1,
        "users": [
          "U01TP7DLDQR"
        ]
      }
    ],
    "replace_original": false,
    "delete_original": false,
    "metadata": {
      "event_type": "",
      "event_payload": null
    },
    "blocks": [
      {
        "type": "rich_text",
        "block_id": "RSwYa",
        "elements": [
          {
            "type": "rich_text_section",
            "elements": [
              {
                "type": "text",
                "text": "Amazing, thank you "
              },
              {
                "type": "user",
                "user_id": "U01TP7DLDQR"
              }
            ]
          }
        ]
      }
    ],
    "user_team": "T0B72NU6T",
    "source_team": "T0B72NU6T",
    "user_profile": {
      "avatar_hash": "",
      "image_72": "https://avatars.slack-edge.com/2025-01-21/8314945633367_47cf1205bf7825c8ffdd_72.jpg",
      "first_name": "Ethan",
      "real_name": "Ethan Housley",
      "display_name": "Ethan Housley",
      "team": "T0B72NU6T",
      "name": "housleye",
      "is_restricted": false,
      "is_ultra_restricted": false
    }
  },
  {
    "client_msg_id": "affabe04-785b-4808-878b-188339e61214",
    "type": "message",
    "user": "U09E76TRA7L",
    "text": "Does anyone know when and where the STEM career fair Thursday is?",
    "ts": "1757955141.553249",
    "thread_ts": "1757955141.553249",
    "reply_count": 2,
    "reply_users": [
      "U05QYKUN9AR",
      "U09E76TRA7L"
    ],
    "replies": [
      {
        "user": "U05QYKUN9AR",
        "ts": "1757955202.494579"
      },
      {
        "user": "U09E76TRA7L",
        "ts": "1757955217.391729"
      }
    ],
    "latest_reply": "1757955217.391729",
    "team": "T0B72NU6T",
    "replace_original": false,
    "delete_original": false,
    "metadata": {
      "event_type": "",
      "event_payload": null
    },
    "blocks": [
      {
        "type": "rich_text",
        "block_id": "lEAOE",
        "elements": [
          {
            "type": "rich_text_section",
            "elements": [
              {
                "type": "text",
                "text": "Does anyone know when and where the STEM career fair Thursday is?"
              }
            ]
          }
        ]
      }
    ],
    "user_team": "T0B72NU6T",
    "source_team": "T0B72NU6T",
    "user_profile": {
      "avatar_hash": "",
      "image_72": "https://avatars.slack-edge.com/2025-10-02/9630123075364_1d181fc8f69d9abb8a50_72.jpg",
      "first_name": "Logan",
      "real_name": "Logan Hanson",
      "display_name": "Logan Hanson",
      "team": "T0B72NU6T",
      "name": "loganbh0",
      "is_restricted": false,
      "is_ultra_restricted": false
    },
    "reply_users_count": 2
  },
  {
    "client_msg_id": "92ac2e30-6556-4230-9021-bea84ce2001f",
    "type": "message",
    "user": "U05QYKUN9AR",
    "text": "Here's the info!",
    "ts": "1757955202.494579",
    "thread_ts": "1757955141.553249",
    "parent_user_id": "U09E76TRA7L",
    "files": [
      {
        "id": "F09F6PEQ2RH",
        "created": 1757955195,
        "timestamp": 1757955195,
        "name": "1757955195465.jpeg",
        "title": "1757955195465.jpeg",
        "mimetype": "image/jpeg",
        "image_exif_rotation": 0,
        "filetype": "jpg",
        "pretty_type": "JPEG",
        "user": "U05QYKUN9AR",
        "mode": "hosted",
        "editable": false,
        "is_external": false,
        "external_type": "",
        "size": 42907,
        "url": "",
        "url_download": "",
        "url_private": "https://files.slack.com/files-pri/T0B72NU6T-F09F6PEQ2RH/1757955195465.jpeg",
        "url_private_download": "https://files.slack.com/files-pri/T0B72NU6T-F09F6PEQ2RH/download/1757955195465.jpeg",
        "original_h": 779,
        "original_w": 1411,
        "thumb_64": "https://files.slack.com/files-tmb/T0B72NU6T-F09F6PEQ2RH-7a7815fc22/1757955195465_64.jpg",
        "thumb_80": "https://files.slack.com/files-tmb/T0B72NU6T-F09F6PEQ2RH-7a7815fc22/1757955195465_80.jpg",
        "thumb_160": "https://files.slack.com/files-tmb/T0B72NU6T-F09F6PEQ2RH-7a7815fc22/1757955195465_160.jpg",
        "thumb_360": "https://files.slack.com/files-tmb/T0B72NU6T-F09F6PEQ2RH-7a7815fc22/1757955195465_360.jpg",
        "thumb_360_gif": "",
        "thumb_360_w": 360,
        "thumb_360_h": 199,
        "thumb_480": "https://files.slack.com/files-tmb/T0B72NU6T-F09F6PEQ2RH-7a7815fc22/1757955195465_480.jpg",
        "thumb_480_w": 480,
        "thumb_480_h": 265,
        "thumb_720": "https://files.slack.com/files-tmb/T0B72NU6T-F09F6PEQ2RH-7a7815fc22/1757955195465_720.jpg",
        "thumb_720_w": 720,
        "thumb_720_h": 398,
        "thumb_960": "https://files.slack.com/files-tmb/T0B72NU6T-F09F6PEQ2RH-7a7815fc22/1757955195465_960.jpg",
        "thumb_960_w": 960,
        "thumb_960_h": 530,
        "thumb_1024": "https://files.slack.com/files-tmb/T0B72NU6T-F09F6PEQ2RH-7a7815fc22/1757955195465_1024.jpg",
        "thumb_1024_w": 1024,
        "thumb_1024_h": 565,
        "permalink": "https://byu-is.slack.com/files/U09AR6XNZRU/F09F6PEQ2RH/1757955195465.jpeg",
        "permalink_public": "https://slack-files.com/T0B72NU6T-F09F6PEQ2RH-fe71c5ee9c",
        "edit_link": "",
        "preview": "",
        "preview_highlight": "",
        "lines": 0,
        "lines_more": 0,
        "is_public": true,
        "public_url_shared": false,
        "channels": null,
        "groups": null,
        "ims": null,
        "initial_comment": {},
        "comments_count": 0,
        "num_stars": 0,
        "is_starred": false,
        "shares": {
          "public": null,
          "private": null
        },
        "subject": "",
        "to": null,
        "from": null,
        "cc": null,
        "headers": {
          "date": "",
          "in_reply_to": "",
          "reply_to": "",
          "message_id": ""
        }
      }
    ],
    "reactions": [
      {
        "name": "heart",
        "count": 1,
        "users": [
          "U27F62PJ9"
        ]
      }
    ],
    "replace_original": false,
    "delete_original": false,
    "metadata": {
      "event_type": "",
      "event_payload": null
    },
    "blocks": [
      {
        "type": "rich_text",
        "block_id": "W7xTd",
        "elements": [
          {
            "type": "rich_text_section",
            "elements": [
              {
                "type": "text",
                "text": "Here's the info!"
              }
            ]
          }
        ]
      }
    ],
    "user_profile": {
      "avatar_hash": "",
      "image_72": "https://avatars.slack-edge.com/2024-01-26/6552645357937_5db7bb38023203a14a98_72.png",
      "first_name": "Madison",
      "real_name": "Madison Hutchings",
      "display_name": "",
      "team": "T0B72NU6T",
      "name": "madhutch",
      "is_restricted": false,
      "is_ultra_restricted": false
    }
  },
  {
    "client_msg_id": "84505480-3547-4126-8bb1-acadcfd7c694",
    "type": "message",
    "user": "U09E76TRA7L",
    "text": "Thank you!!",
    "ts": "1757955217.391729",
    "thread_ts": "1757955141.553249",
    "parent_user_id": "U09E76TRA7L",
    "team": "T0B72NU6T",
    "reactions": [
      {
        "name": "saluting_face",
        "count": 1,
        "users": [
          "U05QYKUN9AR"
        ]
      }
    ],
    "replace_original": false,
    "delete_original": false,
    "metadata": {
      "event_type": "",
      "event_payload": null
    },
    "blocks": [
      {
        "type": "rich_text",
        "block_id": "ewXvs",
        "elements": [
          {
            "type": "rich_text_section",
            "elements": [
              {
                "type": "text",
                "text": "Thank you!!"
              }
            ]
          }
        ]
      }
    ],
    "user_team": "T0B72NU6T",
    "source_team": "T0B72NU6T",
    "user_profile": {
      "avatar_hash": "",
      "image_72": "https://avatars.slack-edge.com/2025-10-02/9630123075364_1d181fc8f69d9abb8a50_72.jpg",
      "first_name": "Logan",
      "real_name": "Logan Hanson",
      "display_name": "Logan Hanson",
      "team": "T0B72NU6T",
      "name": "loganbh0",
      "is_restricted": false,
      "is_ultra_restricted": false
    }
  }
]
