[
  {
    "client_msg_id": "A6E16B2A-9CFA-41F0-9E31-6D5E4D884DF2",
    "type": "message",
    "user": "U04KFNEKXFF",
    "text": "I'm looking for a job that I can start now. If anyone knows open positions at BYU or any part time position, please let me know!",
    "ts": "1759162947.875509",
    "thread_ts": "1759162947.875509",
    "reply_count": 1,
    "reply_users": [
      "U07T843R21F"
    ],
    "replies": [
      {
        "user": "U07T843R21F",
        "ts": "1759196087.905599"
      }
    ],
    "latest_reply": "1759196087.905599",
    "team": "T0B72NU6T",
    "replace_original": false,
    "delete_original": false,
    "metadata": {
      "event_type": "",
      "event_payload": null
    },
    "blocks": [
      {
        "type": "rich_text",
        "block_id": "aNLce",
        "elements": [
          {
            "type": "rich_text_section",
            "elements": [
              {
                "type": "text",
                "text": "I'm looking for a job that I can start now. If anyone knows open positions at BYU or any part time position, please let m"
              },
              {
                "type": "text",
                "text": "e "
              },
              {
                "type": "text",
                "text": "k"
              },
              {
                "type": "text",
                "text": "now"
              },
              {
                "type": "text",
                "text": "!"
              }
            ]
          }
        ]
      }
    ],
    "user_team": "T0B72NU6T",
    "source_team": "T0B72NU6T",
    "user_profile": {
      "avatar_hash": "",
      "image_72": "https://avatars.slack-edge.com/2023-04-17/5123424757266_69d85bae07ddaf93dd2c_72.jpg",
      "first_name": "Aiki",
      "real_name": "Aiki Takaku",
      "display_name": "",
      "team": "T0B72NU6T",
      "name": "takaku",
      "is_restricted": false,
      "is_ultra_restricted": false
    },
    "reply_users_count": 1
  },
  {
    "client_msg_id": "65668ff2-b26a-4c6c-997c-58066b0157e4",
    "type": "message",
    "user": "U07T843R21F",
    "text": "Stay tuned to \u003chttps://byu-is.slack.com/archives/C0NGSBSAK\u003e",
    "ts": "1759196087.905599",
    "thread_ts": "1759162947.875509",
    "parent_user_id": "U04KFNEKXFF",
    "team": "T0B72NU6T",
    "replace_original": false,
    "delete_original": false,
    "metadata": {
      "event_type": "",
      "event_payload": null
    },
    "blocks": [
      {
        "type": "rich_text",
        "block_id": "h39kG",
        "elements": [
          {
            "type": "rich_text_section",
            "elements": [
              {
                "type": "text",
                "text": "Stay tuned to "
              },
              {
                "type": "link",
                "url": "https://byu-is.slack.com/archives/C0NGSBSAK",
                "text": ""
              }
            ]
          }
        ]
      }
    ],
    "user_team": "T0B72NU6T",
    "source_team": "T0B72NU6T",
    "user_profile": {
      "avatar_hash": "",
      "image_72": "https://avatars.slack-edge.com/2024-10-21/7936270980896_c3cd52336cfab4edec83_72.png",
      "first_name": "Shelley",
      "real_name": "Shelley Hunter",
      "display_name": "",
      "team": "T0B72NU6T",
      "name": "sah296",
      "is_restricted": false,
      "is_ultra_restricted": false
    }
  }
]
