[
  {
    "client_msg_id": "aa8a0e2b-7b32-49f9-bdea-96f582ef82b9",
    "type": "message",
    "user": "U0HM7RR6Z",
    "text": "\u003c@U040A0RGLTW\u003e :\nHi everyone! You may/may not know me, but I really need to ask for prayers for my family.\n\nToday, a few pieces of my family have broke in ways that won’t heal until our Savior comes again. I don’t think I’ll get more specific than that, but if you all would be willing to pray for my family by name for comfort, it really would mean a lot to me\nBenjamin\nAaron\nBrooke\nCaleb\nDylan\nEllie\nLamar\nSarah\nNico\nAlex\nMiles\n\nI have a firm testimony of the prayers of the righteous. What you say and do really matters. I firmly believe that your willingness to pray for my family will bring angels to comfort them. They really need all the help they can get right now. If you took the time to read this and are willing to help in this way, thank you. It really means so much to me",
    "ts": "1759022629.030919",
    "team": "T0B72NU6T",
    "reactions": [
      {
        "name": "heart",
        "count": 32,
        "users": [
          "U27F62PJ9",
          "U049DGXKJCX",
          "U0HT3F9UG",
          "U02P05XRC76",
          "U01L9MKPULC",
          "U05QYKUN9AR",
          "U05R40RQWJ0",
          "U06HXGP2M97",
          "U08K57GCG00",
          "U063NJ69S4X",
          "U084JBMRQ00",
          "U087WTJ6LTX",
          "U06PLPACTNF",
          "U09HB3L3THA",
          "U0L6NR2AW",
          "U089600M3DE",
          "U061KPYEPGF",
          "U060JKA1M0B",
          "U05R1ED5JPM",
          "U09EZL3J4HW",
          "U06G1JWMGQZ",
          "U095QLS6W69",
          "U04KJP6SKD4",
          "U04KSGDGZ0C",
          "U03V796M6ET",
          "U032000QR6W",
          "U08FB83TZFF",
          "U06C9LUBNJK",
          "U06GUMJNSGK",
          "U0NHAMNQ6",
          "U05R40XJ1E0",
          "URN9K3QFR"
        ]
      },
      {
        "name": "people_hugging",
        "count": 7,
        "users": [
          "U27F62PJ9",
          "U04QZQ3ACS1",
          "U05QYKUN9AR",
          "U05R40RQWJ0",
          "U06G1JWMGQZ",
          "U04KJP6SKD4",
          "U03V796M6ET"
        ]
      }
    ],
    "replace_original": false,
    "delete_original": false,
    "metadata": {
      "event_type": "",
      "event_payload": null
    },
    "blocks": [
      {
        "type": "rich_text",
        "block_id": "V0GBX",
        "elements": [
          {
            "type": "rich_text_section",
            "elements": [
              {
                "type": "user",
                "user_id": "U040A0RGLTW"
              },
              {
                "type": "text",
                "text": " :\nHi everyone! You may/may not know me, but I really need to ask for prayers for my family.\n\nToday, a few pieces of my family have broke in ways that won’t heal until our Savior comes again. I don’t think I’ll get more specific than that, but if you all would be willing to pray for my family by name for comfort, it really would mean a lot to me\nBenjamin\nAaron\nBrooke\nCaleb\nDylan\nEllie\nLamar\nSarah\nNico\nAlex\nMiles\n\nI have a firm testimony of the prayers of the righteous. What you say and do really matters. I firmly believe that your willingness to pray for my family will bring angels to comfort them. They really need all the help they can get right now. If you took the time to read this and are willing to help in this way, thank you. It really means so much to me"
              }
            ]
          }
        ]
      }
    ],
    "user_team": "T0B72NU6T",
    "source_team": "T0B72NU6T",
    "user_profile": {
      "avatar_hash": "",
      "image_72": "https://avatars.slack-edge.com/2016-09-08/77690983955_f39dc710c4050e9378e7_72.png",
      "first_name": "AIS",
      "real_name": "AIS Admin",
      "display_name": "aisadmin",
      "team": "T0B72NU6T",
      "name": "aisadmin",
      "is_restricted": false,
      "is_ultra_restricted": false
    }
  }
]
