[
  {
    "client_msg_id": "07006f15-f9cf-4c1c-9839-b39f5d1d3416",
    "type": "message",
    "user": "U06M0EL5SF8",
    "text": "Does anyone currently use HubSpot at their on campus job (and potentially off campus)? I'm curious to learn about how different teams across campus use it and if integrations are used. Would love to meet with someone to ask some of my questions",
    "ts": "1763077212.557949",
    "thread_ts": "1763077212.557949",
    "edited": {
      "user": "U06M0EL5SF8",
      "ts": "1763077227.000000"
    },
    "reply_count": 1,
    "reply_users": [
      "U040A0RGLTW"
    ],
    "replies": [
      {
        "user": "U040A0RGLTW",
        "ts": "1763110719.047369"
      }
    ],
    "latest_reply": "1763110719.047369",
    "team": "T0B72NU6T",
    "replace_original": false,
    "delete_original": false,
    "metadata": {
      "event_type": "",
      "event_payload": null
    },
    "blocks": [
      {
        "type": "rich_text",
        "block_id": "QS9Dn",
        "elements": [
          {
            "type": "rich_text_section",
            "elements": [
              {
                "type": "text",
                "text": "Does anyone currently use HubSpot at their on campus job (and potentially off campus)? I'm curious to learn about how different teams across campus use it and if integrations are used. Would love to meet with someone to ask some of my questions"
              }
            ]
          }
        ]
      }
    ],
    "user_team": "T0B72NU6T",
    "source_team": "T0B72NU6T",
    "user_profile": {
      "avatar_hash": "",
      "image_72": "https://avatars.slack-edge.com/2024-09-01/7654622677622_534ed950fd434df6ceeb_72.png",
      "first_name": "Annabelle",
      "real_name": "Annabelle Baker",
      "display_name": "Annabelle Baker",
      "team": "T0B72NU6T",
      "name": "abbaker",
      "is_restricted": false,
      "is_ultra_restricted": false
    },
    "reply_users_count": 1
  }
]
