[
  {
    "client_msg_id": "41443DF8-4E85-4BD9-B31B-CBB2AAC6BD9D",
    "type": "message",
    "user": "U0179GP4YB0",
    "text": " I have some experience with that at my current company",
    "ts": "1761343322.892959",
    "thread_ts": "1761069366.579969",
    "parent_user_id": "U04K2B3FK3P",
    "team": "T0B72NU6T",
    "replace_original": false,
    "delete_original": false,
    "metadata": {
      "event_type": "",
      "event_payload": null
    },
    "blocks": [
      {
        "type": "rich_text",
        "block_id": "WkguU",
        "elements": [
          {
            "type": "rich_text_section",
            "elements": [
              {
                "type": "text",
                "text": " I have some experience with that at my current company"
              }
            ]
          }
        ]
      }
    ],
    "user_team": "T0B72NU6T",
    "source_team": "T0B72NU6T",
    "user_profile": {
      "avatar_hash": "",
      "image_72": "https://avatars.slack-edge.com/2023-12-08/6319150152739_932574e4f77b8003e193_72.png",
      "first_name": "",
      "real_name": "Noah Johnson",
      "display_name": "Noah Johnson",
      "team": "T0B72NU6T",
      "name": "jnoahjohnson",
      "is_restricted": false,
      "is_ultra_restricted": false
    }
  }
]
