[
  {
    "client_msg_id": "AFDD2F48-70A0-4E6D-A354-0784B3E38009",
    "type": "message",
    "user": "U06207JTJ4T",
    "text": "Is there a Google sheet this year with the companies that are coming to the Career Fair?",
    "ts": "1758073398.409229",
    "thread_ts": "1758073398.409229",
    "reply_count": 3,
    "reply_users": [
      "U06207JTJ4T",
      "U06637JSSER",
      "U06K1AN4EG5"
    ],
    "replies": [
      {
        "user": "U06K1AN4EG5",
        "ts": "1758074001.360629"
      },
      {
        "user": "U06637JSSER",
        "ts": "1758074103.869559"
      },
      {
        "user": "U06207JTJ4T",
        "ts": "1758074153.691859"
      }
    ],
    "latest_reply": "1758074153.691859",
    "team": "T0B72NU6T",
    "replace_original": false,
    "delete_original": false,
    "metadata": {
      "event_type": "",
      "event_payload": null
    },
    "blocks": [
      {
        "type": "rich_text",
        "block_id": "n+lIl",
        "elements": [
          {
            "type": "rich_text_section",
            "elements": [
              {
                "type": "text",
                "text": "Is there a Google sheet this year with the companies that are coming to the Career Fair?"
              }
            ]
          }
        ]
      }
    ],
    "user_team": "T0B72NU6T",
    "source_team": "T0B72NU6T",
    "user_profile": {
      "avatar_hash": "",
      "image_72": "https://avatars.slack-edge.com/2025-07-01/9131623812261_bd4509175c2506900b50_72.jpg",
      "first_name": "Davis",
      "real_name": "Davis Herrera",
      "display_name": "",
      "team": "T0B72NU6T",
      "name": "daviseherrera05",
      "is_restricted": false,
      "is_ultra_restricted": false
    },
    "reply_users_count": 3
  },
  {
    "client_msg_id": "a44ce66b-2fb0-4c53-9964-bf66d2fe22d0",
    "type": "message",
    "user": "U06K1AN4EG5",
    "text": "I was wondering the same thing \u003c@U07T843R21F\u003e or \u003c@U0NHAMNQ6\u003e do you know?",
    "ts": "1758074001.360629",
    "thread_ts": "1758073398.409229",
    "parent_user_id": "U06207JTJ4T",
    "team": "T0B72NU6T",
    "replace_original": false,
    "delete_original": false,
    "metadata": {
      "event_type": "",
      "event_payload": null
    },
    "blocks": [
      {
        "type": "rich_text",
        "block_id": "q+MQN",
        "elements": [
          {
            "type": "rich_text_section",
            "elements": [
              {
                "type": "text",
                "text": "I was wondering the same thing "
              },
              {
                "type": "user",
                "user_id": "U07T843R21F"
              },
              {
                "type": "text",
                "text": " or "
              },
              {
                "type": "user",
                "user_id": "U0NHAMNQ6"
              },
              {
                "type": "text",
                "text": " do you know?"
              }
            ]
          }
        ]
      }
    ],
    "user_team": "T0B72NU6T",
    "source_team": "T0B72NU6T",
    "user_profile": {
      "avatar_hash": "",
      "image_72": "https://avatars.slack-edge.com/2024-02-15/6643656474902_6c3529233870e7562721_72.png",
      "first_name": "Kylee",
      "real_name": "Kylee Brown",
      "display_name": "",
      "team": "T0B72NU6T",
      "name": "kyleeb2255",
      "is_restricted": false,
      "is_ultra_restricted": false
    }
  },
  {
    "client_msg_id": "62acf3e9-32d2-4c25-b6d1-f2f3279da4b1",
    "type": "message",
    "user": "U06637JSSER",
    "text": "\u003chttps://docs.google.com/spreadsheets/d/1j-oe3TN2g4fXHdVrmI9us-cdrxXZ2eIA4n15DZ-2lD0/edit?usp=sharing|https://docs.google.com/spreadsheets/d/1j-oe3TN2g4fXHdVrmI9us-cdrxXZ2eIA4n15DZ-2lD0/edit?usp=sharing\u003e",
    "ts": "1758074103.869559",
    "thread_ts": "1758073398.409229",
    "parent_user_id": "U06207JTJ4T",
    "team": "T0B72NU6T",
    "replace_original": false,
    "delete_original": false,
    "metadata": {
      "event_type": "",
      "event_payload": null
    },
    "blocks": [
      {
        "type": "rich_text",
        "block_id": "lqsyF",
        "elements": [
          {
            "type": "rich_text_section",
            "elements": [
              {
                "type": "link",
                "url": "https://docs.google.com/spreadsheets/d/1j-oe3TN2g4fXHdVrmI9us-cdrxXZ2eIA4n15DZ-2lD0/edit?usp=sharing",
                "text": "https://docs.google.com/spreadsheets/d/1j-oe3TN2g4fXHdVrmI9us-cdrxXZ2eIA4n15DZ-2lD0/edit?usp=sharing"
              }
            ]
          }
        ]
      }
    ],
    "user_team": "T0B72NU6T",
    "source_team": "T0B72NU6T",
    "user_profile": {
      "avatar_hash": "",
      "image_72": "https://avatars.slack-edge.com/2025-06-09/9014467938627_2249c50920d8d5fb6e4d_72.jpg",
      "first_name": "Caydn",
      "real_name": "Caydn Baldwin",
      "display_name": "",
      "team": "T0B72NU6T",
      "name": "caydn",
      "is_restricted": false,
      "is_ultra_restricted": false
    }
  },
  {
    "client_msg_id": "D7463A93-3DE8-4388-B0B6-5F2925E7AA38",
    "type": "message",
    "user": "U06207JTJ4T",
    "text": "Thanks \u003c@U06637JSSER\u003e !!",
    "ts": "1758074153.691859",
    "thread_ts": "1758073398.409229",
    "parent_user_id": "U06207JTJ4T",
    "team": "T0B72NU6T",
    "reactions": [
      {
        "name": "+1",
        "count": 1,
        "users": [
          "U06637JSSER"
        ]
      }
    ],
    "replace_original": false,
    "delete_original": false,
    "metadata": {
      "event_type": "",
      "event_payload": null
    },
    "blocks": [
      {
        "type": "rich_text",
        "block_id": "C/P4g",
        "elements": [
          {
            "type": "rich_text_section",
            "elements": [
              {
                "type": "text",
                "text": "Thanks "
              },
              {
                "type": "user",
                "user_id": "U06637JSSER"
              },
              {
                "type": "text",
                "text": " !!"
              }
            ]
          }
        ]
      }
    ],
    "user_team": "T0B72NU6T",
    "source_team": "T0B72NU6T",
    "user_profile": {
      "avatar_hash": "",
      "image_72": "https://avatars.slack-edge.com/2025-07-01/9131623812261_bd4509175c2506900b50_72.jpg",
      "first_name": "Davis",
      "real_name": "Davis Herrera",
      "display_name": "",
      "team": "T0B72NU6T",
      "name": "daviseherrera05",
      "is_restricted": false,
      "is_ultra_restricted": false
    }
  }
]
