[
  {
    "client_msg_id": "0c1cc7aa-b4f8-4814-b151-7df9b1a2848c",
    "type": "message",
    "user": "U05R40X0QBW",
    "text": "Who can I talk to if I'm interested in doing Sandbox my last year?",
    "ts": "1758758418.100899",
    "thread_ts": "1758758418.100899",
    "reply_count": 3,
    "reply_users": [
      "U045R5BCZM4",
      "U06HXGP2M97",
      "U08B49NNRM0"
    ],
    "replies": [
      {
        "user": "U045R5BCZM4",
        "ts": "1758769723.774139"
      },
      {
        "user": "U06HXGP2M97",
        "ts": "1758782566.530889"
      },
      {
        "user": "U08B49NNRM0",
        "ts": "1758815947.785569"
      }
    ],
    "latest_reply": "1758815947.785569",
    "team": "T0B72NU6T",
    "replace_original": false,
    "delete_original": false,
    "metadata": {
      "event_type": "",
      "event_payload": null
    },
    "blocks": [
      {
        "type": "rich_text",
        "block_id": "O7+Jm",
        "elements": [
          {
            "type": "rich_text_section",
            "elements": [
              {
                "type": "text",
                "text": "Who can I talk to if I'm interested in doing Sandbox my last year?"
              }
            ]
          }
        ]
      }
    ],
    "user_team": "T0B72NU6T",
    "source_team": "T0B72NU6T",
    "user_profile": {
      "avatar_hash": "",
      "image_72": "https://avatars.slack-edge.com/2025-04-07/8703705991031_8dd50ac8990ef5df0113_72.jpg",
      "first_name": "Logan",
      "real_name": "Logan McNatt",
      "display_name": "",
      "team": "T0B72NU6T",
      "name": "lmcnatt",
      "is_restricted": false,
      "is_ultra_restricted": false
    },
    "reply_users_count": 3
  },
  {
    "client_msg_id": "87D1EF84-A10A-4D54-9278-92A687E030E5",
    "type": "message",
    "user": "U045R5BCZM4",
    "text": "There will likely be an info session in the next months. \u003c@U08B49NNRM0\u003e might also be a good contact if you want more information about it. ",
    "ts": "1758769723.774139",
    "thread_ts": "1758758418.100899",
    "parent_user_id": "U05R40X0QBW",
    "team": "T0B72NU6T",
    "reactions": [
      {
        "name": "eyes",
        "count": 1,
        "users": [
          "U08B49NNRM0"
        ]
      }
    ],
    "replace_original": false,
    "delete_original": false,
    "metadata": {
      "event_type": "",
      "event_payload": null
    },
    "blocks": [
      {
        "type": "rich_text",
        "block_id": "sJadd",
        "elements": [
          {
            "type": "rich_text_section",
            "elements": [
              {
                "type": "text",
                "text": "There will likely be an info session in the next months. "
              },
              {
                "type": "user",
                "user_id": "U08B49NNRM0"
              },
              {
                "type": "text",
                "text": " might also be a good contact if you want more information about it. "
              }
            ]
          }
        ]
      }
    ],
    "user_team": "T0B72NU6T",
    "source_team": "T0B72NU6T",
    "user_profile": {
      "avatar_hash": "",
      "image_72": "https://avatars.slack-edge.com/2025-09-16/9530725911558_9f6110fb528d0549f003_72.png",
      "first_name": "Martin",
      "real_name": "Martin Villar Barrios",
      "display_name": "",
      "team": "T0B72NU6T",
      "name": "mavillar",
      "is_restricted": false,
      "is_ultra_restricted": false
    }
  },
  {
    "client_msg_id": "50d604ff-8ff1-4bb4-863b-5cf9c4e8966d",
    "type": "message",
    "user": "U06HXGP2M97",
    "text": "Hey Logan! I got in last year but since I'm doing the MISM I decided I'd try to do it the following year. I'd be happy to answer any questions you have about sandbox and the application process.",
    "ts": "1758782566.530889",
    "thread_ts": "1758758418.100899",
    "parent_user_id": "U05R40X0QBW",
    "team": "T0B72NU6T",
    "replace_original": false,
    "delete_original": false,
    "metadata": {
      "event_type": "",
      "event_payload": null
    },
    "blocks": [
      {
        "type": "rich_text",
        "block_id": "3hLOd",
        "elements": [
          {
            "type": "rich_text_section",
            "elements": [
              {
                "type": "text",
                "text": "Hey Logan! I got in last year but since I'm doing the MISM I decided I'd try to do it the following year. I'd be happy to answer any questions you have about sandbox and the application process."
              }
            ]
          }
        ]
      }
    ],
    "user_team": "T0B72NU6T",
    "source_team": "T0B72NU6T",
    "user_profile": {
      "avatar_hash": "",
      "image_72": "https://avatars.slack-edge.com/2024-02-19/6660546046822_f8863b12596f9d8ea9ac_72.png",
      "first_name": "Channing",
      "real_name": "Channing Paxman",
      "display_name": "",
      "team": "T0B72NU6T",
      "name": "channing.paxman",
      "is_restricted": false,
      "is_ultra_restricted": false
    }
  }
]
