[
  {
    "client_msg_id": "9014D447-6E70-4262-9255-1E18178400AB",
    "type": "message",
    "user": "U02F2HPMYK1",
    "text": "I’m looking to buy a portable second monitor. I’ve seen a lot of people with them. What is the experience like? Are there any recommended brands?",
    "ts": "1759859726.908679",
    "thread_ts": "1759859726.908679",
    "reply_count": 5,
    "reply_users": [
      "U0179GP4YB0",
      "U040A0RGLTW",
      "U04K58B9GPL",
      "U06637GNUDT",
      "U07LX8NRJDS"
    ],
    "replies": [
      {
        "user": "U04K58B9GPL",
        "ts": "1759860313.565169"
      },
      {
        "user": "U07LX8NRJDS",
        "ts": "1759860712.256179"
      },
      {
        "user": "U040A0RGLTW",
        "ts": "1759864244.571789"
      },
      {
        "user": "U06637GNUDT",
        "ts": "1759895765.119759"
      },
      {
        "user": "U0179GP4YB0",
        "ts": "1759933723.368659"
      }
    ],
    "latest_reply": "1759933723.368659",
    "team": "T0B72NU6T",
    "reactions": [
      {
        "name": "t",
        "count": 1,
        "users": [
          "U04QZQ3ACS1"
        ]
      },
      {
        "name": "o2",
        "count": 1,
        "users": [
          "U04QZQ3ACS1"
        ]
      },
      {
        "name": "a",
        "count": 1,
        "users": [
          "U04QZQ3ACS1"
        ]
      }
    ],
    "replace_original": false,
    "delete_original": false,
    "metadata": {
      "event_type": "",
      "event_payload": null
    },
    "blocks": [
      {
        "type": "rich_text",
        "block_id": "DzMc5",
        "elements": [
          {
            "type": "rich_text_section",
            "elements": [
              {
                "type": "text",
                "text": "I’m"
              },
              {
                "type": "text",
                "text": " looking to buy a portable second monitor. "
              },
              {
                "type": "text",
                "text": "I’ve"
              },
              {
                "type": "text",
                "text": " seen a lot of people with them. What is the experience like? Are there any recommended brands?"
              }
            ]
          }
        ]
      }
    ],
    "user_team": "T0B72NU6T",
    "source_team": "T0B72NU6T",
    "user_profile": {
      "avatar_hash": "",
      "image_72": "https://avatars.slack-edge.com/2021-09-23/2550999503216_4ada19077e552457a768_72.png",
      "first_name": "Toa",
      "real_name": "Toa Pita",
      "display_name": "Toa",
      "team": "T0B72NU6T",
      "name": "paorapotangaroa",
      "is_restricted": false,
      "is_ultra_restricted": false
    },
    "reply_users_count": 5
  },
  {
    "client_msg_id": "035CDE2C-7278-491B-87DA-FD0868CE0A9E",
    "type": "message",
    "user": "U04K58B9GPL",
    "text": "\u003c@U040A0RGLTW\u003e ",
    "ts": "1759860313.565169",
    "thread_ts": "1759859726.908679",
    "parent_user_id": "U02F2HPMYK1",
    "team": "T0B72NU6T",
    "replace_original": false,
    "delete_original": false,
    "metadata": {
      "event_type": "",
      "event_payload": null
    },
    "blocks": [
      {
        "type": "rich_text",
        "block_id": "2E8Uz",
        "elements": [
          {
            "type": "rich_text_section",
            "elements": [
              {
                "type": "user",
                "user_id": "U040A0RGLTW"
              },
              {
                "type": "text",
                "text": " "
              }
            ]
          }
        ]
      }
    ],
    "user_team": "T0B72NU6T",
    "source_team": "T0B72NU6T",
    "user_profile": {
      "avatar_hash": "",
      "image_72": "https://avatars.slack-edge.com/2024-02-12/6648778046880_55ec6244eb0bd2bc52b2_72.png",
      "first_name": "Teigen",
      "real_name": "Teigen Burrows",
      "display_name": "",
      "team": "T0B72NU6T",
      "name": "teigenburrows",
      "is_restricted": false,
      "is_ultra_restricted": false
    }
  },
  {
    "client_msg_id": "a39120f8-55bb-418a-a901-4cc723da2d24",
    "type": "message",
    "user": "U07LX8NRJDS",
    "text": "I just got the cheapest one I could find that's by a brand called youdoit. It's gotten the job done great the past couple weeks but theres probably better ones put there. Mine cost 45$",
    "ts": "1759860712.256179",
    "thread_ts": "1759859726.908679",
    "parent_user_id": "U02F2HPMYK1",
    "team": "T0B72NU6T",
    "reactions": [
      {
        "name": "raised_hands",
        "count": 1,
        "users": [
          "U02F2HPMYK1"
        ]
      }
    ],
    "replace_original": false,
    "delete_original": false,
    "metadata": {
      "event_type": "",
      "event_payload": null
    },
    "blocks": [
      {
        "type": "rich_text",
        "block_id": "x2q9H",
        "elements": [
          {
            "type": "rich_text_section",
            "elements": [
              {
                "type": "text",
                "text": "I just got the cheapest one I could find that's by a brand called youdoit. It's gotten the job done great the past couple weeks but theres probably better ones put there. Mine cost 45$"
              }
            ]
          }
        ]
      }
    ],
    "user_team": "T0B72NU6T",
    "source_team": "T0B72NU6T",
    "user_profile": {
      "avatar_hash": "",
      "image_72": "https://avatars.slack-edge.com/2025-01-23/8328502971463_4acdd271ee527a9ab394_72.jpg",
      "first_name": "Dane",
      "real_name": "Dane Jenkins",
      "display_name": "",
      "team": "T0B72NU6T",
      "name": "danej7",
      "is_restricted": false,
      "is_ultra_restricted": false
    }
  },
  {
    "client_msg_id": "8f3ffb59-a3f6-4c35-b645-f115280cc69d",
    "type": "message",
    "user": "U040A0RGLTW",
    "text": "Portable monitors are the way to go! I just moved so everything is somewhat packed up, but I do think I have an extra one lying around..",
    "ts": "1759864244.571789",
    "thread_ts": "1759859726.908679",
    "parent_user_id": "U02F2HPMYK1",
    "team": "T0B72NU6T",
    "replace_original": false,
    "delete_original": false,
    "metadata": {
      "event_type": "",
      "event_payload": null
    },
    "blocks": [
      {
        "type": "rich_text",
        "block_id": "rtTXM",
        "elements": [
          {
            "type": "rich_text_section",
            "elements": [
              {
                "type": "text",
                "text": "Portable monitors are the way to go! I just moved so everything is somewhat packed up, but I do think I have an extra one lying around.."
              }
            ]
          }
        ]
      }
    ],
    "user_team": "T0B72NU6T",
    "source_team": "T0B72NU6T",
    "user_profile": {
      "avatar_hash": "",
      "image_72": "https://avatars.slack-edge.com/2022-09-08/4079537643568_5a8fc746de17c02d357f_72.png",
      "first_name": "Christian",
      "real_name": "Christian Breshears",
      "display_name": "",
      "team": "T0B72NU6T",
      "name": "breshearschristian",
      "is_restricted": false,
      "is_ultra_restricted": false
    }
  },
  {
    "client_msg_id": "c5d40098-20a2-49af-a574-042e3597a9c8",
    "type": "message",
    "user": "U06D5T6BN6B",
    "text": "I’m by no means an expert, but can share my limited case interview experience with technology consulting!",
    "ts": "1759867878.283459",
    "thread_ts": "1759781548.013099",
    "parent_user_id": "U07T843R21F",
    "team": "T0B72NU6T",
    "reactions": [
      {
        "name": "raised_hands",
        "count": 1,
        "users": [
          "U07T843R21F"
        ]
      }
    ],
    "replace_original": false,
    "delete_original": false,
    "metadata": {
      "event_type": "",
      "event_payload": null
    },
    "blocks": [
      {
        "type": "rich_text",
        "block_id": "9Loj6",
        "elements": [
          {
            "type": "rich_text_section",
            "elements": [
              {
                "type": "text",
                "text": "I’m by no means an expert, but can share my limited case interview experience with technology consulting!"
              }
            ]
          }
        ]
      }
    ],
    "user_team": "T0B72NU6T",
    "source_team": "T0B72NU6T",
    "user_profile": {
      "avatar_hash": "",
      "image_72": "https://avatars.slack-edge.com/2024-10-16/7892257602020_d0e8d2806bf3ac3f0903_72.jpg",
      "first_name": "Amber",
      "real_name": "Amber Carter",
      "display_name": "",
      "team": "T0B72NU6T",
      "name": "awoll",
      "is_restricted": false,
      "is_ultra_restricted": false
    }
  },
  {
    "client_msg_id": "c2d39b6b-b0ec-45a8-9f5c-6779f560744e",
    "type": "message",
    "user": "U06637GNUDT",
    "text": "I love the KYY and they’re on sale today with amazon",
    "ts": "1759895765.119759",
    "thread_ts": "1759859726.908679",
    "parent_user_id": "U02F2HPMYK1",
    "team": "T0B72NU6T",
    "replace_original": false,
    "delete_original": false,
    "metadata": {
      "event_type": "",
      "event_payload": null
    },
    "blocks": [
      {
        "type": "rich_text",
        "block_id": "NP/L2",
        "elements": [
          {
            "type": "rich_text_section",
            "elements": [
              {
                "type": "text",
                "text": "I love the KYY and they’re on sale today with amazon"
              }
            ]
          }
        ]
      }
    ],
    "user_team": "T0B72NU6T",
    "source_team": "T0B72NU6T",
    "user_profile": {
      "avatar_hash": "",
      "image_72": "https://avatars.slack-edge.com/2023-11-16/6233171487744_a2feb165f3d604977a0e_72.jpg",
      "first_name": "Coleman",
      "real_name": "Coleman Sandy",
      "display_name": "",
      "team": "T0B72NU6T",
      "name": "coleman.sandy",
      "is_restricted": false,
      "is_ultra_restricted": false
    }
  }
]
