[
  {
    "client_msg_id": "c3ad4528-3975-47ce-971d-0f03ed9a7060",
    "type": "message",
    "user": "U07N84PBBDF",
    "text": "Has anyone taken a hacker rank and would be willing to answer a few questions about them?",
    "ts": "1760042104.649929",
    "thread_ts": "1760042104.649929",
    "reply_count": 4,
    "reply_users": [
      "U03V796M6ET",
      "U05AV48M75M",
      "U06637JSSER",
      "U07M7C7D25P"
    ],
    "replies": [
      {
        "user": "U07M7C7D25P",
        "ts": "1760042235.936239"
      },
      {
        "user": "U05AV48M75M",
        "ts": "1760043293.726539"
      },
      {
        "user": "U03V796M6ET",
        "ts": "1760044983.746099"
      },
      {
        "user": "U06637JSSER",
        "ts": "1760051260.744909"
      }
    ],
    "latest_reply": "1760051260.744909",
    "team": "T0B72NU6T",
    "reactions": [
      {
        "name": "white_check_mark",
        "count": 1,
        "users": [
          "U07T843R21F"
        ]
      }
    ],
    "replace_original": false,
    "delete_original": false,
    "metadata": {
      "event_type": "",
      "event_payload": null
    },
    "blocks": [
      {
        "type": "rich_text",
        "block_id": "9m0n3",
        "elements": [
          {
            "type": "rich_text_section",
            "elements": [
              {
                "type": "text",
                "text": "Has anyone taken a hacker rank and would be willing to answer a few questions about them?"
              }
            ]
          }
        ]
      }
    ],
    "user_team": "T0B72NU6T",
    "source_team": "T0B72NU6T",
    "user_profile": {
      "avatar_hash": "",
      "image_72": "https://avatars.slack-edge.com/2024-09-23/7756974255879_cf924c1846aa59f30cee_72.jpg",
      "first_name": "Porter",
      "real_name": "Porter Graham",
      "display_name": "Porter Graham",
      "team": "T0B72NU6T",
      "name": "porterwg",
      "is_restricted": false,
      "is_ultra_restricted": false
    },
    "reply_users_count": 4
  },
  {
    "client_msg_id": "40e7d37e-27ae-4931-b9a9-401c6755bce6",
    "type": "message",
    "user": "U07M7C7D25P",
    "text": "I have taken one (:",
    "ts": "1760042235.936239",
    "thread_ts": "1760042104.649929",
    "parent_user_id": "U07N84PBBDF",
    "team": "T0B72NU6T",
    "replace_original": false,
    "delete_original": false,
    "metadata": {
      "event_type": "",
      "event_payload": null
    },
    "blocks": [
      {
        "type": "rich_text",
        "block_id": "OuYpm",
        "elements": [
          {
            "type": "rich_text_section",
            "elements": [
              {
                "type": "text",
                "text": "I have taken one (:"
              }
            ]
          }
        ]
      }
    ],
    "user_team": "T0B72NU6T",
    "source_team": "T0B72NU6T",
    "user_profile": {
      "avatar_hash": "",
      "image_72": "https://avatars.slack-edge.com/2024-09-19/7777047113120_dadefd69402cd438df72_72.jpg",
      "first_name": "Jordan",
      "real_name": "Jordan Goddard",
      "display_name": "Jordan Goddard",
      "team": "T0B72NU6T",
      "name": "jg742",
      "is_restricted": false,
      "is_ultra_restricted": false
    }
  },
  {
    "client_msg_id": "98064c9e-b646-479d-84cc-1adaf0e39a5d",
    "type": "message",
    "user": "U05AV48M75M",
    "text": "Good luck :)",
    "ts": "1760043293.726539",
    "thread_ts": "1760042104.649929",
    "parent_user_id": "U07N84PBBDF",
    "team": "T0B72NU6T",
    "replace_original": false,
    "delete_original": false,
    "metadata": {
      "event_type": "",
      "event_payload": null
    },
    "blocks": [
      {
        "type": "rich_text",
        "block_id": "UeG6K",
        "elements": [
          {
            "type": "rich_text_section",
            "elements": [
              {
                "type": "text",
                "text": "Good luck :)"
              }
            ]
          }
        ]
      }
    ],
    "user_team": "T0B72NU6T",
    "source_team": "T0B72NU6T",
    "user_profile": {
      "avatar_hash": "",
      "image_72": "https://secure.gravatar.com/avatar/826444ea4b89fd7005fe62c9cea1eac3.jpg?s=72\u0026d=https%3A%2F%2Fa.slack-edge.com%2Fdf10d%2Fimg%2Favatars%2Fava_0021-72.png",
      "first_name": "Parker",
      "real_name": "Parker Watts",
      "display_name": "",
      "team": "T0B72NU6T",
      "name": "parkerwatts21",
      "is_restricted": false,
      "is_ultra_restricted": false
    }
  },
  {
    "client_msg_id": "cd73ddde-3423-4431-baa1-4ebd819585f4",
    "type": "message",
    "user": "U03V796M6ET",
    "text": "I have taken a few (and I'm currently preparing for three more this month :face_with_spiral_eyes:), I'm happy to help",
    "ts": "1760044983.746099",
    "thread_ts": "1760042104.649929",
    "parent_user_id": "U07N84PBBDF",
    "team": "T0B72NU6T",
    "replace_original": false,
    "delete_original": false,
    "metadata": {
      "event_type": "",
      "event_payload": null
    },
    "blocks": [
      {
        "type": "rich_text",
        "block_id": "nCdz4",
        "elements": [
          {
            "type": "rich_text_section",
            "elements": [
              {
                "type": "text",
                "text": "I have taken a few (and I'm currently preparing for three more this month "
              },
              {
                "type": "emoji",
                "name": "face_with_spiral_eyes",
                "unicode": "1f635-200d-1f4ab"
              },
              {
                "type": "text",
                "text": "), I'm happy to help"
              }
            ]
          }
        ]
      }
    ],
    "user_team": "T0B72NU6T",
    "source_team": "T0B72NU6T",
    "user_profile": {
      "avatar_hash": "",
      "image_72": "https://avatars.slack-edge.com/2022-12-02/4459514610901_5ebe7abb7ecfc1982815_72.jpg",
      "first_name": "Joseph",
      "real_name": "Joseph Fuge",
      "display_name": "Joseph Fuge",
      "team": "T0B72NU6T",
      "name": "josephfuge1",
      "is_restricted": false,
      "is_ultra_restricted": false
    }
  },
  {
    "client_msg_id": "c0691ec7-c557-4d7e-94cd-609098ace573",
    "type": "message",
    "user": "U06637JSSER",
    "text": "I also have taken one",
    "ts": "1760051260.744909",
    "thread_ts": "1760042104.649929",
    "parent_user_id": "U07N84PBBDF",
    "team": "T0B72NU6T",
    "replace_original": false,
    "delete_original": false,
    "metadata": {
      "event_type": "",
      "event_payload": null
    },
    "blocks": [
      {
        "type": "rich_text",
        "block_id": "WTVQ+",
        "elements": [
          {
            "type": "rich_text_section",
            "elements": [
              {
                "type": "text",
                "text": "I also have taken one"
              }
            ]
          }
        ]
      }
    ],
    "user_team": "T0B72NU6T",
    "source_team": "T0B72NU6T",
    "user_profile": {
      "avatar_hash": "",
      "image_72": "https://avatars.slack-edge.com/2025-06-09/9014467938627_2249c50920d8d5fb6e4d_72.jpg",
      "first_name": "Caydn",
      "real_name": "Caydn Baldwin",
      "display_name": "",
      "team": "T0B72NU6T",
      "name": "caydn",
      "is_restricted": false,
      "is_ultra_restricted": false
    }
  }
]
