[
  {
    "client_msg_id": "17b03565-78f6-4af2-9900-8efce545c1cb",
    "type": "message",
    "user": "U040A0RGLTW",
    "text": "Hey Annabelle,\nNot a campus job, but I use HubSpot/Salesforce extensively at my work (RevOps)\nShort answer regarding integrations - Yes. Especially for complex systems (such as a University), if any department used HubSpot, I would be shocked if they used it standalone\nHappy to answer any other questions!",
    "ts": "1763110719.047369",
    "thread_ts": "1763077212.557949",
    "edited": {
      "user": "U040A0RGLTW",
      "ts": "1763110732.000000"
    },
    "parent_user_id": "U06M0EL5SF8",
    "team": "T0B72NU6T",
    "reactions": [
      {
        "name": "raised_hands",
        "count": 1,
        "users": [
          "U06M0EL5SF8"
        ]
      }
    ],
    "replace_original": false,
    "delete_original": false,
    "metadata": {
      "event_type": "",
      "event_payload": null
    },
    "blocks": [
      {
        "type": "rich_text",
        "block_id": "95YqN",
        "elements": [
          {
            "type": "rich_text_section",
            "elements": [
              {
                "type": "text",
                "text": "Hey Annabelle,\nNot a campus job, but I use HubSpot/Salesforce extensively at my work (RevOps)\nShort answer regarding integrations - Yes. Especially for complex systems (such as a University), if any department used HubSpot, I would be shocked if they used it standalone\nHappy to answer any other questions!"
              }
            ]
          }
        ]
      }
    ],
    "user_team": "T0B72NU6T",
    "source_team": "T0B72NU6T",
    "user_profile": {
      "avatar_hash": "",
      "image_72": "https://avatars.slack-edge.com/2022-09-08/4079537643568_5a8fc746de17c02d357f_72.png",
      "first_name": "Christian",
      "real_name": "Christian Breshears",
      "display_name": "",
      "team": "T0B72NU6T",
      "name": "breshearschristian",
      "is_restricted": false,
      "is_ultra_restricted": false
    }
  }
]
