[
  {
    "client_msg_id": "a502d02e-ed72-40ed-a120-33f8b4f3c387",
    "type": "message",
    "user": "U07M7C7D25P",
    "text": "I'm going too",
    "ts": "1759773679.516009",
    "thread_ts": "1759732936.754329",
    "parent_user_id": "U090Y4Q2E4F",
    "team": "T0B72NU6T",
    "replace_original": false,
    "delete_original": false,
    "metadata": {
      "event_type": "",
      "event_payload": null
    },
    "blocks": [
      {
        "type": "rich_text",
        "block_id": "3LaRR",
        "elements": [
          {
            "type": "rich_text_section",
            "elements": [
              {
                "type": "text",
                "text": "I'm going too"
              }
            ]
          }
        ]
      }
    ],
    "user_team": "T0B72NU6T",
    "source_team": "T0B72NU6T",
    "user_profile": {
      "avatar_hash": "",
      "image_72": "https://avatars.slack-edge.com/2024-09-19/7777047113120_dadefd69402cd438df72_72.jpg",
      "first_name": "Jordan",
      "real_name": "Jordan Goddard",
      "display_name": "Jordan Goddard",
      "team": "T0B72NU6T",
      "name": "jg742",
      "is_restricted": false,
      "is_ultra_restricted": false
    }
  },
  {
    "type": "message",
    "user": "U07T843R21F",
    "text": "If you have experience with CASE or TECHNICAL interviews, please chime in on this post.\n\nIf you need help...add your name to the list.",
    "ts": "1759781548.013099",
    "thread_ts": "1759781548.013099",
    "attachments": [
      {
        "color": "D0D0D0",
        "fallback": "[October 6th, 2025 1:30 PM] sah296: *NEED YOUR EXPERTISE!*\nI'm getting a bunch of requests for help with CASE or TECHNICAL interviews. I'm out of my depth on this.\nIf you're willing to be a resource, will you raise your hand!?!?!\n\nAnd if you need mentoring, add your name to the list.\n\nTHANK YOU!",
        "author_id": "U07T843R21F",
        "author_name": "Shelley Hunter",
        "author_subname": "Shelley Hunter",
        "author_link": "https://byu-is.slack.com/team/U07T843R21F",
        "author_icon": "https://avatars.slack-edge.com/2024-10-21/7936270980896_c3cd52336cfab4edec83_48.png",
        "text": "*NEED YOUR EXPERTISE!*\nI'm getting a bunch of requests for help with CASE or TECHNICAL interviews. I'm out of my depth on this.\nIf you're willing to be a resource, will you raise your hand!?!?!\n\nAnd if you need mentoring, add your name to the list.\n\nTHANK YOU!",
        "from_url": "https://byu-is.slack.com/archives/C0NGSBSAK/p1759779003440689?thread_ts=1759779003.440689\u0026cid=C0NGSBSAK",
        "mrkdwn_in": [
          "text"
        ],
        "blocks": null,
        "footer": "Thread in Slack Conversation",
        "ts": 1759779003.440689
      }
    ],
    "reply_count": 1,
    "reply_users": [
      "U06D5T6BN6B"
    ],
    "replies": [
      {
        "user": "U06D5T6BN6B",
        "ts": "1759867878.283459"
      }
    ],
    "latest_reply": "1759867878.283459",
    "team": "T0B72NU6T",
    "replace_original": false,
    "delete_original": false,
    "metadata": {
      "event_type": "",
      "event_payload": null
    },
    "blocks": [
      {
        "type": "rich_text",
        "block_id": "lshNM",
        "elements": [
          {
            "type": "rich_text_section",
            "elements": [
              {
                "type": "text",
                "text": "If you have experience with CASE or TECHNICAL interviews, please chime in on this post.\n\nIf you need help...add your name to the list."
              }
            ]
          }
        ]
      }
    ],
    "user_team": "T0B72NU6T",
    "source_team": "T0B72NU6T",
    "user_profile": {
      "avatar_hash": "",
      "image_72": "https://avatars.slack-edge.com/2024-10-21/7936270980896_c3cd52336cfab4edec83_72.png",
      "first_name": "Shelley",
      "real_name": "Shelley Hunter",
      "display_name": "",
      "team": "T0B72NU6T",
      "name": "sah296",
      "is_restricted": false,
      "is_ultra_restricted": false
    },
    "reply_users_count": 1
  },
  {
    "client_msg_id": "D2A59BC4-7C6F-462E-877E-C804EEDF26FA",
    "type": "message",
    "user": "U06F9SJQUP2",
    "text": "Me",
    "ts": "1759781903.879639",
    "thread_ts": "1759732936.754329",
    "parent_user_id": "U090Y4Q2E4F",
    "team": "T0B72NU6T",
    "replace_original": false,
    "delete_original": false,
    "metadata": {
      "event_type": "",
      "event_payload": null
    },
    "blocks": [
      {
        "type": "rich_text",
        "block_id": "SwIK/",
        "elements": [
          {
            "type": "rich_text_section",
            "elements": [
              {
                "type": "text",
                "text": "Me"
              }
            ]
          }
        ]
      }
    ],
    "user_team": "T0B72NU6T",
    "source_team": "T0B72NU6T",
    "user_profile": {
      "avatar_hash": "",
      "image_72": "https://avatars.slack-edge.com/2024-09-23/7775097772308_107e2ef600f7f705d99a_72.jpg",
      "first_name": "Bryce",
      "real_name": "Bryce Colton",
      "display_name": "",
      "team": "T0B72NU6T",
      "name": "bcolton9",
      "is_restricted": false,
      "is_ultra_restricted": false
    }
  },
  {
    "client_msg_id": "1033dd4f-cee5-4a18-ae2d-722d181a85c6",
    "type": "message",
    "user": "UTZM4RZAL",
    "text": "planning on it",
    "ts": "1759789517.854969",
    "thread_ts": "1759732936.754329",
    "parent_user_id": "U090Y4Q2E4F",
    "team": "T0B72NU6T",
    "replace_original": false,
    "delete_original": false,
    "metadata": {
      "event_type": "",
      "event_payload": null
    },
    "blocks": [
      {
        "type": "rich_text",
        "block_id": "3VV41",
        "elements": [
          {
            "type": "rich_text_section",
            "elements": [
              {
                "type": "text",
                "text": "planning on it"
              }
            ]
          }
        ]
      }
    ],
    "user_team": "T0B72NU6T",
    "source_team": "T0B72NU6T",
    "user_profile": {
      "avatar_hash": "",
      "image_72": "https://avatars.slack-edge.com/2025-09-18/9539502056019_1db903aae52e998cf9c0_72.jpg",
      "first_name": "David",
      "real_name": "David Schraedel",
      "display_name": "David Schraedel",
      "team": "T0B72NU6T",
      "name": "davidschraedel",
      "is_restricted": false,
      "is_ultra_restricted": false
    }
  }
]
