[
  {
    "client_msg_id": "b4b76a60-3319-42a5-ba50-7bbc02a1917a",
    "type": "message",
    "user": "U08B49NNRM0",
    "text": "Hey Logan, I work for Sandbox, and I am happy to answer any questions you have!",
    "ts": "1758815947.785569",
    "thread_ts": "1758758418.100899",
    "parent_user_id": "U05R40X0QBW",
    "team": "T0B72NU6T",
    "replace_original": false,
    "delete_original": false,
    "metadata": {
      "event_type": "",
      "event_payload": null
    },
    "blocks": [
      {
        "type": "rich_text",
        "block_id": "ITqsC",
        "elements": [
          {
            "type": "rich_text_section",
            "elements": [
              {
                "type": "text",
                "text": "Hey Logan, I work for Sandbox, and I am happy to answer any questions you have!"
              }
            ]
          }
        ]
      }
    ],
    "user_team": "T0B72NU6T",
    "source_team": "T0B72NU6T",
    "user_profile": {
      "avatar_hash": "",
      "image_72": "https://avatars.slack-edge.com/2025-09-19/9548711893477_911d93d0609853428f42_72.jpg",
      "first_name": "Conrad",
      "real_name": "Conrad Bradford",
      "display_name": "",
      "team": "T0B72NU6T",
      "name": "conradcb",
      "is_restricted": false,
      "is_ultra_restricted": false
    }
  },
  {
    "client_msg_id": "1409474b-a298-4f14-bead-accfb8b5093e",
    "type": "message",
    "user": "U08FN6M6QNQ",
    "text": "Where is the mentorship lunch today?",
    "ts": "1758817283.340499",
    "team": "T0B72NU6T",
    "replace_original": false,
    "delete_original": false,
    "metadata": {
      "event_type": "",
      "event_payload": null
    },
    "blocks": [
      {
        "type": "rich_text",
        "block_id": "S7pFN",
        "elements": [
          {
            "type": "rich_text_section",
            "elements": [
              {
                "type": "text",
                "text": "Where is the mentorship lunch today?"
              }
            ]
          }
        ]
      }
    ],
    "user_team": "T0B72NU6T",
    "source_team": "T0B72NU6T",
    "user_profile": {
      "avatar_hash": "",
      "image_72": "https://secure.gravatar.com/avatar/355bf62b403ff42ca74f804e6aba20f4.jpg?s=72\u0026d=https%3A%2F%2Fa.slack-edge.com%2Fdf10d%2Fimg%2Favatars%2Fava_0001-72.png",
      "first_name": "Kathryn",
      "real_name": "Kathryn Erickson",
      "display_name": "",
      "team": "T0B72NU6T",
      "name": "kerick5",
      "is_restricted": false,
      "is_ultra_restricted": false
    }
  },
  {
    "client_msg_id": "ada33667-670b-45d7-a167-e08b8d7e8fb4",
    "type": "message",
    "user": "U06EEE1L42J",
    "text": "\u003c@U08FN6M6QNQ\u003e TNRB 130!",
    "ts": "1758817330.354479",
    "team": "T0B72NU6T",
    "replace_original": false,
    "delete_original": false,
    "metadata": {
      "event_type": "",
      "event_payload": null
    },
    "blocks": [
      {
        "type": "rich_text",
        "block_id": "9V6dL",
        "elements": [
          {
            "type": "rich_text_section",
            "elements": [
              {
                "type": "user",
                "user_id": "U08FN6M6QNQ"
              },
              {
                "type": "text",
                "text": " TNRB 130!"
              }
            ]
          }
        ]
      }
    ],
    "user_team": "T0B72NU6T",
    "source_team": "T0B72NU6T",
    "user_profile": {
      "avatar_hash": "",
      "image_72": "https://avatars.slack-edge.com/2024-01-18/6497006506595_f09c0b62740523a595ec_72.jpg",
      "first_name": "Bryce",
      "real_name": "Bryce Carter",
      "display_name": "",
      "team": "T0B72NU6T",
      "name": "carterbryce54",
      "is_restricted": false,
      "is_ultra_restricted": false
    }
  }
]
