[
  {
    "client_msg_id": "d2c72652-80a3-4006-ab31-1606308c368d",
    "type": "message",
    "user": "U04QW4P72QN",
    "text": "Where and who should I talk to about making sure I've completed all the requirements to graduate?",
    "ts": "1760982292.157539",
    "thread_ts": "1760982292.157539",
    "reply_count": 6,
    "reply_users": [
      "U049DGXKJCX",
      "U04QW4P72QN",
      "U052NQL98UV",
      "U062Q2PUL5V",
      "U07T843R21F"
    ],
    "replies": [
      {
        "user": "U062Q2PUL5V",
        "ts": "1760982312.829989"
      },
      {
        "user": "U049DGXKJCX",
        "ts": "1760982608.465419"
      },
      {
        "user": "U04QW4P72QN",
        "ts": "1760982664.467609"
      },
      {
        "user": "U062Q2PUL5V",
        "ts": "1760982750.473039"
      },
      {
        "user": "U07T843R21F",
        "ts": "1760983160.140409"
      },
      {
        "user": "U052NQL98UV",
        "ts": "1761066680.902389"
      }
    ],
    "latest_reply": "1761066680.902389",
    "team": "T0B72NU6T",
    "reactions": [
      {
        "name": "eyes",
        "count": 1,
        "users": [
          "U052NQL98UV"
        ]
      }
    ],
    "replace_original": false,
    "delete_original": false,
    "metadata": {
      "event_type": "",
      "event_payload": null
    },
    "blocks": [
      {
        "type": "rich_text",
        "block_id": "edEmH",
        "elements": [
          {
            "type": "rich_text_section",
            "elements": [
              {
                "type": "text",
                "text": "Where and who should I talk to about making sure I've completed all the requirements to graduate?"
              }
            ]
          }
        ]
      }
    ],
    "user_team": "T0B72NU6T",
    "source_team": "T0B72NU6T",
    "user_profile": {
      "avatar_hash": "",
      "image_72": "https://avatars.slack-edge.com/2024-10-23/7912959632599_29ca4a85bcd26f863b5c_72.png",
      "first_name": "Dylan",
      "real_name": "Dylan Mattern",
      "display_name": "Dylan Mattern",
      "team": "T0B72NU6T",
      "name": "dylanjmatt",
      "is_restricted": false,
      "is_ultra_restricted": false
    },
    "reply_users_count": 5
  },
  {
    "client_msg_id": "486471ED-12E9-4BF0-985F-DFD456249473",
    "type": "message",
    "user": "U062Q2PUL5V",
    "text": "\u003c@U096053GZ28\u003e ",
    "ts": "1760982312.829989",
    "thread_ts": "1760982292.157539",
    "parent_user_id": "U04QW4P72QN",
    "team": "T0B72NU6T",
    "reactions": [
      {
        "name": "joy",
        "count": 1,
        "users": [
          "U05QUTWC0CW"
        ]
      }
    ],
    "replace_original": false,
    "delete_original": false,
    "metadata": {
      "event_type": "",
      "event_payload": null
    },
    "blocks": [
      {
        "type": "rich_text",
        "block_id": "odcZe",
        "elements": [
          {
            "type": "rich_text_section",
            "elements": [
              {
                "type": "user",
                "user_id": "U096053GZ28"
              },
              {
                "type": "text",
                "text": " "
              }
            ]
          }
        ]
      }
    ],
    "user_team": "T0B72NU6T",
    "source_team": "T0B72NU6T",
    "user_profile": {
      "avatar_hash": "",
      "image_72": "https://avatars.slack-edge.com/2023-10-27/6119266763281_f9769e1331c33f34f311_72.jpg",
      "first_name": "Maya",
      "real_name": "Maya Hom",
      "display_name": "",
      "team": "T0B72NU6T",
      "name": "mayah.byu",
      "is_restricted": false,
      "is_ultra_restricted": false
    }
  },
  {
    "client_msg_id": "515f67ea-1730-4a31-95c3-ce852851a2f8",
    "type": "message",
    "user": "U049DGXKJCX",
    "text": "Here is the link to schedule a time\n\u003chttps://swansaunders.youcanbook.me/\u003e",
    "ts": "1760982608.465419",
    "thread_ts": "1760982292.157539",
    "attachments": [
      {
        "fallback": "Select a time",
        "id": 1,
        "title": "Select a time",
        "title_link": "https://swansaunders.youcanbook.me/",
        "text": "Choose what time works better to schedule a meeting.",
        "image_url": "https://swansaunders.youcanbook.me/static/img/ycbm/opengraph.png",
        "service_name": "swansaunders.youcanbook.me",
        "service_icon": "https://swansaunders.youcanbook.me/static/img/ycbm/apple-touch-icon.png",
        "from_url": "https://swansaunders.youcanbook.me/",
        "original_url": "https://swansaunders.youcanbook.me/",
        "blocks": null
      }
    ],
    "parent_user_id": "U04QW4P72QN",
    "team": "T0B72NU6T",
    "replace_original": false,
    "delete_original": false,
    "metadata": {
      "event_type": "",
      "event_payload": null
    },
    "blocks": [
      {
        "type": "rich_text",
        "block_id": "e1NfL",
        "elements": [
          {
            "type": "rich_text_section",
            "elements": [
              {
                "type": "text",
                "text": "Here is the link to schedule a time\n"
              },
              {
                "type": "link",
                "url": "https://swansaunders.youcanbook.me/",
                "text": ""
              }
            ]
          }
        ]
      }
    ],
    "user_team": "T0B72NU6T",
    "source_team": "T0B72NU6T",
    "user_profile": {
      "avatar_hash": "",
      "image_72": "https://avatars.slack-edge.com/2023-10-07/6019415460145_ed6382cec3ef8d5d953d_72.jpg",
      "first_name": "Jacob",
      "real_name": "Jacob Sargent",
      "display_name": "Jacob Sargent",
      "team": "T0B72NU6T",
      "name": "jacob.r.sargent17",
      "is_restricted": false,
      "is_ultra_restricted": false
    }
  },
  {
    "client_msg_id": "5039f89c-5353-41ae-b3a1-e8271a765cc2",
    "type": "message",
    "user": "U04QW4P72QN",
    "text": "Thanks guys! But what if I'm not doing the MISM....",
    "ts": "1760982664.467609",
    "thread_ts": "1760982292.157539",
    "parent_user_id": "U04QW4P72QN",
    "team": "T0B72NU6T",
    "replace_original": false,
    "delete_original": false,
    "metadata": {
      "event_type": "",
      "event_payload": null
    },
    "blocks": [
      {
        "type": "rich_text",
        "block_id": "7oZBe",
        "elements": [
          {
            "type": "rich_text_section",
            "elements": [
              {
                "type": "text",
                "text": "Thanks guys! But what if I'm not doing the MISM...."
              }
            ]
          }
        ]
      }
    ],
    "user_team": "T0B72NU6T",
    "source_team": "T0B72NU6T",
    "user_profile": {
      "avatar_hash": "",
      "image_72": "https://avatars.slack-edge.com/2024-10-23/7912959632599_29ca4a85bcd26f863b5c_72.png",
      "first_name": "Dylan",
      "real_name": "Dylan Mattern",
      "display_name": "Dylan Mattern",
      "team": "T0B72NU6T",
      "name": "dylanjmatt",
      "is_restricted": false,
      "is_ultra_restricted": false
    }
  },
  {
    "client_msg_id": "8E9E7D57-F83E-48B6-9FA3-E6C45A83DE4B",
    "type": "message",
    "user": "U062Q2PUL5V",
    "text": "Hm, less sure but I’d try to talk to @Morgan Shaw   I know she helps in the junior core?",
    "ts": "1760982750.473039",
    "thread_ts": "1760982292.157539",
    "parent_user_id": "U04QW4P72QN",
    "team": "T0B72NU6T",
    "replace_original": false,
    "delete_original": false,
    "metadata": {
      "event_type": "",
      "event_payload": null
    },
    "blocks": [
      {
        "type": "rich_text",
        "block_id": "OB0BN",
        "elements": [
          {
            "type": "rich_text_section",
            "elements": [
              {
                "type": "text",
                "text": "Hm, less sure but "
              },
              {
                "type": "text",
                "text": "I’d"
              },
              {
                "type": "text",
                "text": " try to talk to @Morgan Shaw   I know she helps in the junior core?"
              }
            ]
          }
        ]
      }
    ],
    "user_team": "T0B72NU6T",
    "source_team": "T0B72NU6T",
    "user_profile": {
      "avatar_hash": "",
      "image_72": "https://avatars.slack-edge.com/2023-10-27/6119266763281_f9769e1331c33f34f311_72.jpg",
      "first_name": "Maya",
      "real_name": "Maya Hom",
      "display_name": "",
      "team": "T0B72NU6T",
      "name": "mayah.byu",
      "is_restricted": false,
      "is_ultra_restricted": false
    }
  },
  {
    "client_msg_id": "2d0ae79c-ab95-475e-b549-82de94c54891",
    "type": "message",
    "user": "U07T843R21F",
    "text": "100% talk to \u003c@U052NQL98UV\u003e",
    "ts": "1760983160.140409",
    "thread_ts": "1760982292.157539",
    "parent_user_id": "U04QW4P72QN",
    "team": "T0B72NU6T",
    "reactions": [
      {
        "name": "raised_hands::skin-tone-2",
        "count": 1,
        "users": [
          "U052NQL98UV"
        ]
      }
    ],
    "replace_original": false,
    "delete_original": false,
    "metadata": {
      "event_type": "",
      "event_payload": null
    },
    "blocks": [
      {
        "type": "rich_text",
        "block_id": "BkD+H",
        "elements": [
          {
            "type": "rich_text_section",
            "elements": [
              {
                "type": "text",
                "text": "100% talk to "
              },
              {
                "type": "user",
                "user_id": "U052NQL98UV"
              }
            ]
          }
        ]
      }
    ],
    "user_team": "T0B72NU6T",
    "source_team": "T0B72NU6T",
    "user_profile": {
      "avatar_hash": "",
      "image_72": "https://avatars.slack-edge.com/2024-10-21/7936270980896_c3cd52336cfab4edec83_72.png",
      "first_name": "Shelley",
      "real_name": "Shelley Hunter",
      "display_name": "",
      "team": "T0B72NU6T",
      "name": "sah296",
      "is_restricted": false,
      "is_ultra_restricted": false
    }
  }
]
