[
  {
    "client_msg_id": "9bd592b0-e15f-4758-b9e8-c1cb66e18fb3",
    "type": "message",
    "user": "U06M0EL5SF8",
    "text": "is there a current IS student/IS alum who works at Weave and could answer some questions about the company for me?",
    "ts": "1758139159.882879",
    "thread_ts": "1758139159.882879",
    "reply_count": 1,
    "reply_users": [
      "U01SP6QB56Y"
    ],
    "replies": [
      {
        "user": "U01SP6QB56Y",
        "ts": "1758152907.131859"
      }
    ],
    "latest_reply": "1758152907.131859",
    "team": "T0B72NU6T",
    "replace_original": false,
    "delete_original": false,
    "metadata": {
      "event_type": "",
      "event_payload": null
    },
    "blocks": [
      {
        "type": "rich_text",
        "block_id": "NPfQC",
        "elements": [
          {
            "type": "rich_text_section",
            "elements": [
              {
                "type": "text",
                "text": "is there a current IS student/IS alum who works at Weave and could answer some questions about the company for me?"
              }
            ]
          }
        ]
      }
    ],
    "user_team": "T0B72NU6T",
    "source_team": "T0B72NU6T",
    "user_profile": {
      "avatar_hash": "",
      "image_72": "https://avatars.slack-edge.com/2024-09-01/7654622677622_534ed950fd434df6ceeb_72.png",
      "first_name": "Annabelle",
      "real_name": "Annabelle Baker",
      "display_name": "Annabelle Baker",
      "team": "T0B72NU6T",
      "name": "abbaker",
      "is_restricted": false,
      "is_ultra_restricted": false
    },
    "reply_users_count": 1
  },
  {
    "client_msg_id": "F1919B07-EF7B-4390-9303-3B669E1E3047",
    "type": "message",
    "user": "U01SP6QB56Y",
    "text": "I left Weave back in May, but maybe I can answer your questions",
    "ts": "1758152907.131859",
    "thread_ts": "1758139159.882879",
    "parent_user_id": "U06M0EL5SF8",
    "team": "T0B72NU6T",
    "reactions": [
      {
        "name": "heart",
        "count": 1,
        "users": [
          "U06M0EL5SF8"
        ]
      }
    ],
    "replace_original": false,
    "delete_original": false,
    "metadata": {
      "event_type": "",
      "event_payload": null
    },
    "blocks": [
      {
        "type": "rich_text",
        "block_id": "ScJvc",
        "elements": [
          {
            "type": "rich_text_section",
            "elements": [
              {
                "type": "text",
                "text": "I left Weave back in May, but maybe I can answer your questions"
              }
            ]
          }
        ]
      }
    ],
    "user_team": "T0B72NU6T",
    "source_team": "T0B72NU6T",
    "user_profile": {
      "avatar_hash": "",
      "image_72": "https://avatars.slack-edge.com/2024-10-20/7893466192103_e513d351e74c1edfe6a8_72.png",
      "first_name": "Matthias",
      "real_name": "Matthias Hulme",
      "display_name": "",
      "team": "T0B72NU6T",
      "name": "matthiashulme",
      "is_restricted": false,
      "is_ultra_restricted": false
    }
  }
]
