[
  {
    "client_msg_id": "0c803fd0-8a5e-46da-b0d2-5b93abfa7636",
    "type": "message",
    "user": "U09DHJ1MCUC",
    "text": "I also need a ride :sweat_smile:",
    "ts": "1762272502.950899",
    "thread_ts": "1762188448.078389",
    "parent_user_id": "U0HM7RR6Z",
    "team": "T0B72NU6T",
    "replace_original": false,
    "delete_original": false,
    "metadata": {
      "event_type": "",
      "event_payload": null
    },
    "blocks": [
      {
        "type": "rich_text",
        "block_id": "cLr8S",
        "elements": [
          {
            "type": "rich_text_section",
            "elements": [
              {
                "type": "text",
                "text": "I also need a ride "
              },
              {
                "type": "emoji",
                "name": "sweat_smile",
                "unicode": "1f605"
              }
            ]
          }
        ]
      }
    ],
    "user_team": "T0B72NU6T",
    "source_team": "T0B72NU6T",
    "user_profile": {
      "avatar_hash": "",
      "image_72": "https://secure.gravatar.com/avatar/a60475ae901472950341b0deeb3c1c00.jpg?s=72\u0026d=https%3A%2F%2Fa.slack-edge.com%2Fdf10d%2Fimg%2Favatars%2Fava_0016-72.png",
      "first_name": "Heidi",
      "real_name": "Heidi Barlow",
      "display_name": "",
      "team": "T0B72NU6T",
      "name": "hbarlow1",
      "is_restricted": false,
      "is_ultra_restricted": false
    }
  },
  {
    "client_msg_id": "BB5DA043-34C2-438B-B5DA-B0532632D984",
    "type": "message",
    "user": "U090Y4Q2E4F",
    "text": "Anyone thinking of doing the Leland case competition? We’re open to more teammates",
    "ts": "1762296917.645279",
    "thread_ts": "1762296917.645279",
    "edited": {
      "user": "U090Y4Q2E4F",
      "ts": "1762297025.000000"
    },
    "reply_count": 4,
    "reply_users": [
      "U090Y4Q2E4F",
      "U09DQTV48HM"
    ],
    "replies": [
      {
        "user": "U090Y4Q2E4F",
        "ts": "1762297217.112489"
      },
      {
        "user": "U09DQTV48HM",
        "ts": "1762653643.621509"
      },
      {
        "user": "U090Y4Q2E4F",
        "ts": "1762658098.285769"
      },
      {
        "user": "U090Y4Q2E4F",
        "ts": "1762658149.342419"
      }
    ],
    "latest_reply": "1762658149.342419",
    "team": "T0B72NU6T",
    "replace_original": false,
    "delete_original": false,
    "metadata": {
      "event_type": "",
      "event_payload": null
    },
    "blocks": [
      {
        "type": "rich_text",
        "block_id": "mtUdU",
        "elements": [
          {
            "type": "rich_text_section",
            "elements": [
              {
                "type": "text",
                "text": "Anyone thinking of doing the Leland "
              },
              {
                "type": "text",
                "text": "case competition? "
              },
              {
                "type": "text",
                "text": "We’re open to more teammates"
              }
            ]
          }
        ]
      }
    ],
    "user_team": "T0B72NU6T",
    "source_team": "T0B72NU6T",
    "user_profile": {
      "avatar_hash": "",
      "image_72": "https://avatars.slack-edge.com/2025-10-08/9663943661090_a27c5658906f51ed8a0b_72.jpg",
      "first_name": "Thomas",
      "real_name": "Thomas Chappell",
      "display_name": "",
      "team": "T0B72NU6T",
      "name": "jthomaschappell",
      "is_restricted": false,
      "is_ultra_restricted": false
    },
    "reply_users_count": 2
  },
  {
    "client_msg_id": "28FC756A-A57E-40DA-9B4D-45EA34136FFA",
    "type": "message",
    "user": "U090Y4Q2E4F",
    "text": "Leland case competition ***",
    "ts": "1762297217.112489",
    "thread_ts": "1762296917.645279",
    "subtype": "thread_broadcast",
    "replace_original": false,
    "delete_original": false,
    "metadata": {
      "event_type": "",
      "event_payload": null
    },
    "blocks": [
      {
        "type": "rich_text",
        "block_id": "0ADl3",
        "elements": [
          {
            "type": "rich_text_section",
            "elements": [
              {
                "type": "text",
                "text": "Leland case competition ***"
              }
            ]
          }
        ]
      }
    ],
    "user_profile": {
      "avatar_hash": "",
      "image_72": "https://avatars.slack-edge.com/2025-10-08/9663943661090_a27c5658906f51ed8a0b_72.jpg",
      "first_name": "Thomas",
      "real_name": "Thomas Chappell",
      "display_name": "",
      "team": "T0B72NU6T",
      "name": "jthomaschappell",
      "is_restricted": false,
      "is_ultra_restricted": false
    }
  },
  {
    "client_msg_id": "94349700-fa5e-41ab-bce7-bf6e1bb45eab",
    "type": "message",
    "user": "U09DHJ1MCUC",
    "text": "Is anyone who's going to the Pies with Professors, specifically Tom Meservy who'd be willing to give me a ride...? :smiling_face_with_tear:",
    "ts": "1762306297.300039",
    "thread_ts": "1762306297.300039",
    "reply_count": 3,
    "reply_users": [
      "U062Q2PUL5V",
      "U06E6HJ3Q07",
      "U06KU9SDC3Y"
    ],
    "replies": [
      {
        "user": "U062Q2PUL5V",
        "ts": "1762306367.051139"
      },
      {
        "user": "U06E6HJ3Q07",
        "ts": "1762306530.560669"
      },
      {
        "user": "U06KU9SDC3Y",
        "ts": "1762316271.851309"
      }
    ],
    "latest_reply": "1762316271.851309",
    "team": "T0B72NU6T",
    "replace_original": false,
    "delete_original": false,
    "metadata": {
      "event_type": "",
      "event_payload": null
    },
    "blocks": [
      {
        "type": "rich_text",
        "block_id": "QoWZ2",
        "elements": [
          {
            "type": "rich_text_section",
            "elements": [
              {
                "type": "text",
                "text": "Is anyone who's going to the Pies with Professors, specifically Tom Meservy who'd be willing to give me a ride...? "
              },
              {
                "type": "emoji",
                "name": "smiling_face_with_tear",
                "unicode": "1f972"
              }
            ]
          }
        ]
      }
    ],
    "user_team": "T0B72NU6T",
    "source_team": "T0B72NU6T",
    "user_profile": {
      "avatar_hash": "",
      "image_72": "https://secure.gravatar.com/avatar/a60475ae901472950341b0deeb3c1c00.jpg?s=72\u0026d=https%3A%2F%2Fa.slack-edge.com%2Fdf10d%2Fimg%2Favatars%2Fava_0016-72.png",
      "first_name": "Heidi",
      "real_name": "Heidi Barlow",
      "display_name": "",
      "team": "T0B72NU6T",
      "name": "hbarlow1",
      "is_restricted": false,
      "is_ultra_restricted": false
    },
    "reply_users_count": 3
  },
  {
    "client_msg_id": "87A1EB15-EE86-4913-883D-FB5F68AA53B1",
    "type": "message",
    "user": "U062Q2PUL5V",
    "text": "\u003c@U06E6HJ3Q07\u003e ? Know anyone who might be able to?",
    "ts": "1762306367.051139",
    "thread_ts": "1762306297.300039",
    "parent_user_id": "U09DHJ1MCUC",
    "team": "T0B72NU6T",
    "replace_original": false,
    "delete_original": false,
    "metadata": {
      "event_type": "",
      "event_payload": null
    },
    "blocks": [
      {
        "type": "rich_text",
        "block_id": "TA59r",
        "elements": [
          {
            "type": "rich_text_section",
            "elements": [
              {
                "type": "user",
                "user_id": "U06E6HJ3Q07"
              },
              {
                "type": "text",
                "text": " ? Know anyone who might be able to?"
              }
            ]
          }
        ]
      }
    ],
    "user_team": "T0B72NU6T",
    "source_team": "T0B72NU6T",
    "user_profile": {
      "avatar_hash": "",
      "image_72": "https://avatars.slack-edge.com/2023-10-27/6119266763281_f9769e1331c33f34f311_72.jpg",
      "first_name": "Maya",
      "real_name": "Maya Hom",
      "display_name": "",
      "team": "T0B72NU6T",
      "name": "mayah.byu",
      "is_restricted": false,
      "is_ultra_restricted": false
    }
  },
  {
    "client_msg_id": "A03FDAF9-7AAD-4D1D-88CE-7E2CBEA79836",
    "type": "message",
    "user": "U06E6HJ3Q07",
    "text": "Sadly I do not ",
    "ts": "1762306530.560669",
    "thread_ts": "1762306297.300039",
    "parent_user_id": "U09DHJ1MCUC",
    "team": "T0B72NU6T",
    "replace_original": false,
    "delete_original": false,
    "metadata": {
      "event_type": "",
      "event_payload": null
    },
    "blocks": [
      {
        "type": "rich_text",
        "block_id": "l9+B3",
        "elements": [
          {
            "type": "rich_text_section",
            "elements": [
              {
                "type": "text",
                "text": "Sadly I do not "
              }
            ]
          }
        ]
      }
    ],
    "user_team": "T0B72NU6T",
    "source_team": "T0B72NU6T",
    "user_profile": {
      "avatar_hash": "",
      "image_72": "https://avatars.slack-edge.com/2024-01-18/6482596174663_36a45c20617731ae39e4_72.jpg",
      "first_name": "Abigayle",
      "real_name": "Abigayle Erickson",
      "display_name": "",
      "team": "T0B72NU6T",
      "name": "abigale.erickson",
      "is_restricted": false,
      "is_ultra_restricted": false
    }
  },
  {
    "client_msg_id": "0a3fb4b7-ae6c-46ed-b3e8-edd9ec4c6206",
    "type": "message",
    "user": "U06KU9SDC3Y",
    "text": "Ack; I think I had just headed out the door when you had sent this. Sorry!",
    "ts": "1762316271.851309",
    "thread_ts": "1762306297.300039",
    "parent_user_id": "U09DHJ1MCUC",
    "team": "T0B72NU6T",
    "replace_original": false,
    "delete_original": false,
    "metadata": {
      "event_type": "",
      "event_payload": null
    },
    "blocks": [
      {
        "type": "rich_text",
        "block_id": "5uD+V",
        "elements": [
          {
            "type": "rich_text_section",
            "elements": [
              {
                "type": "text",
                "text": "Ack; I think I had just headed out the door when you had sent this. Sorry!"
              }
            ]
          }
        ]
      }
    ],
    "user_team": "T0B72NU6T",
    "source_team": "T0B72NU6T",
    "user_profile": {
      "avatar_hash": "",
      "image_72": "https://avatars.slack-edge.com/2025-09-04/9449670263975_87346291151d4a87481b_72.jpg",
      "first_name": "Jason",
      "real_name": "Jason Carter",
      "display_name": "Jason Carter",
      "team": "T0B72NU6T",
      "name": "jasoacar578",
      "is_restricted": false,
      "is_ultra_restricted": false
    }
  }
]
