[
  {
    "client_msg_id": "961F1378-12AF-4FB8-B69D-EADCE04BDD67",
    "type": "message",
    "user": "U05QYKHB5GV",
    "text": "Have any of you worked full time while taking a full load of classes? I am looking at potentially doing this next semester and would love to talk to someone about how it went for them. ",
    "ts": "1761755578.757599",
    "thread_ts": "1761755578.757599",
    "reply_count": 5,
    "reply_users": [
      "U05QYKHB5GV",
      "U06637JSSER",
      "U06D34TM2JZ",
      "U0J07CHRP"
    ],
    "replies": [
      {
        "user": "U06637JSSER",
        "ts": "1761764231.636599"
      },
      {
        "user": "U05QYKHB5GV",
        "ts": "1761769852.376329"
      },
      {
        "user": "U0J07CHRP",
        "ts": "1761772378.395059"
      },
      {
        "user": "U05QYKHB5GV",
        "ts": "1761772846.630779"
      },
      {
        "user": "U06D34TM2JZ",
        "ts": "1761864436.730449"
      }
    ],
    "latest_reply": "1761864436.730449",
    "team": "T0B72NU6T",
    "reactions": [
      {
        "name": "eyes",
        "count": 1,
        "users": [
          "U07T843R21F"
        ]
      },
      {
        "name": "skull",
        "count": 1,
        "users": [
          "U05SKG9JV88"
        ]
      },
      {
        "name": "headstone",
        "count": 2,
        "users": [
          "U05SKG9JV88",
          "U09EZL3J4HW"
        ]
      },
      {
        "name": "100",
        "count": 1,
        "users": [
          "U04ST5W52G0"
        ]
      }
    ],
    "replace_original": false,
    "delete_original": false,
    "metadata": {
      "event_type": "",
      "event_payload": null
    },
    "blocks": [
      {
        "type": "rich_text",
        "block_id": "blK3B",
        "elements": [
          {
            "type": "rich_text_section",
            "elements": [
              {
                "type": "text",
                "text": "Have any of you worked full time while taking a full load of classes? I am looking at potentially doing this next semester and would love to talk to someone about how it went for them"
              },
              {
                "type": "text",
                "text": "."
              },
              {
                "type": "text",
                "text": " "
              }
            ]
          }
        ]
      }
    ],
    "user_team": "T0B72NU6T",
    "source_team": "T0B72NU6T",
    "user_profile": {
      "avatar_hash": "",
      "image_72": "https://secure.gravatar.com/avatar/0c3678032d359f05eb3780fb39f6bbf0.jpg?s=72\u0026d=https%3A%2F%2Fa.slack-edge.com%2Fdf10d%2Fimg%2Favatars%2Fava_0007-72.png",
      "first_name": "Thomas",
      "real_name": "Thomas Nielsen",
      "display_name": "",
      "team": "T0B72NU6T",
      "name": "tln35",
      "is_restricted": false,
      "is_ultra_restricted": false
    },
    "reply_users_count": 4
  },
  {
    "client_msg_id": "af637284-25cf-4010-91b3-5888d8221eeb",
    "type": "message",
    "user": "U04K2B3FK3P",
    "text": "We figured it out! No worries anymore",
    "ts": "1761755668.762489",
    "thread_ts": "1761069366.579969",
    "parent_user_id": "U04K2B3FK3P",
    "team": "T0B72NU6T",
    "replace_original": false,
    "delete_original": false,
    "metadata": {
      "event_type": "",
      "event_payload": null
    },
    "blocks": [
      {
        "type": "rich_text",
        "block_id": "SQJG+",
        "elements": [
          {
            "type": "rich_text_section",
            "elements": [
              {
                "type": "text",
                "text": "We figured it out! No worries anymore"
              }
            ]
          }
        ]
      }
    ],
    "user_team": "T0B72NU6T",
    "source_team": "T0B72NU6T",
    "user_profile": {
      "avatar_hash": "",
      "image_72": "https://avatars.slack-edge.com/2024-01-08/6439588085922_c860128d9c4c40446ad9_72.jpg",
      "first_name": "Joseph",
      "real_name": "Joseph Flake",
      "display_name": "",
      "team": "T0B72NU6T",
      "name": "flakejoe8",
      "is_restricted": false,
      "is_ultra_restricted": false
    }
  },
  {
    "client_msg_id": "5a03cb6a-ed2d-409e-a687-f2c799f542f1",
    "type": "message",
    "user": "U06637JSSER",
    "text": "Yes... don't do it.",
    "ts": "1761764231.636599",
    "thread_ts": "1761755578.757599",
    "parent_user_id": "U05QYKHB5GV",
    "team": "T0B72NU6T",
    "replace_original": false,
    "delete_original": false,
    "metadata": {
      "event_type": "",
      "event_payload": null
    },
    "blocks": [
      {
        "type": "rich_text",
        "block_id": "b6nEi",
        "elements": [
          {
            "type": "rich_text_section",
            "elements": [
              {
                "type": "text",
                "text": "Yes... don't do it."
              }
            ]
          }
        ]
      }
    ],
    "user_team": "T0B72NU6T",
    "source_team": "T0B72NU6T",
    "user_profile": {
      "avatar_hash": "",
      "image_72": "https://avatars.slack-edge.com/2025-06-09/9014467938627_2249c50920d8d5fb6e4d_72.jpg",
      "first_name": "Caydn",
      "real_name": "Caydn Baldwin",
      "display_name": "",
      "team": "T0B72NU6T",
      "name": "caydn",
      "is_restricted": false,
      "is_ultra_restricted": false
    }
  },
  {
    "client_msg_id": "01B59DCC-0119-48D4-B36B-4592B8FC0E1E",
    "type": "message",
    "user": "U05QYKHB5GV",
    "text": "As in don’t do it bc it is uncomfortable or bc you failed your classes and lost your job? I know it would suck but is it doable?",
    "ts": "1761769852.376329",
    "thread_ts": "1761755578.757599",
    "parent_user_id": "U05QYKHB5GV",
    "team": "T0B72NU6T",
    "replace_original": false,
    "delete_original": false,
    "metadata": {
      "event_type": "",
      "event_payload": null
    },
    "blocks": [
      {
        "type": "rich_text",
        "block_id": "zQ7gf",
        "elements": [
          {
            "type": "rich_text_section",
            "elements": [
              {
                "type": "text",
                "text": "As in "
              },
              {
                "type": "text",
                "text": "don’t"
              },
              {
                "type": "text",
                "text": " do it bc it is uncomfortable or bc you failed your classes and lost your job? I know "
              },
              {
                "type": "text",
                "text": "it"
              },
              {
                "type": "text",
                "text": " would suck but is it doable?"
              }
            ]
          }
        ]
      }
    ],
    "user_team": "T0B72NU6T",
    "source_team": "T0B72NU6T",
    "user_profile": {
      "avatar_hash": "",
      "image_72": "https://secure.gravatar.com/avatar/0c3678032d359f05eb3780fb39f6bbf0.jpg?s=72\u0026d=https%3A%2F%2Fa.slack-edge.com%2Fdf10d%2Fimg%2Favatars%2Fava_0007-72.png",
      "first_name": "Thomas",
      "real_name": "Thomas Nielsen",
      "display_name": "",
      "team": "T0B72NU6T",
      "name": "tln35",
      "is_restricted": false,
      "is_ultra_restricted": false
    }
  },
  {
    "client_msg_id": "c763f042-7656-41d3-a31e-627bd5c5bbac",
    "type": "message",
    "user": "U0J07CHRP",
    "text": "In the program, you are limited to 20 hours of work. If you want to do more than that, you typically need department approval.",
    "ts": "1761772378.395059",
    "thread_ts": "1761755578.757599",
    "parent_user_id": "U05QYKHB5GV",
    "team": "T0B72NU6T",
    "reactions": [
      {
        "name": "+1",
        "count": 2,
        "users": [
          "U07KJ94GAJ2",
          "U06G1JWMGQZ"
        ]
      }
    ],
    "replace_original": false,
    "delete_original": false,
    "metadata": {
      "event_type": "",
      "event_payload": null
    },
    "blocks": [
      {
        "type": "rich_text",
        "block_id": "XdK+x",
        "elements": [
          {
            "type": "rich_text_section",
            "elements": [
              {
                "type": "text",
                "text": "In the program, you are limited to 20 hours of work. If you want to do more than that, you typically need department approval."
              }
            ]
          }
        ]
      }
    ],
    "user_team": "T0B72NU6T",
    "source_team": "T0B72NU6T",
    "user_profile": {
      "avatar_hash": "",
      "image_72": "https://avatars.slack-edge.com/2025-03-25/8659339640818_793b431c6ebb85a5dfeb_72.png",
      "first_name": "Professor",
      "real_name": "Professor Jeff Jenkins",
      "display_name": "",
      "team": "T0B72NU6T",
      "name": "jljenk",
      "is_restricted": false,
      "is_ultra_restricted": false
    }
  },
  {
    "client_msg_id": "3093507C-62B6-4C0D-80FC-F2C3327C24BE",
    "type": "message",
    "user": "U05QYKHB5GV",
    "text": "Good to know",
    "ts": "1761772846.630779",
    "thread_ts": "1761755578.757599",
    "parent_user_id": "U05QYKHB5GV",
    "team": "T0B72NU6T",
    "replace_original": false,
    "delete_original": false,
    "metadata": {
      "event_type": "",
      "event_payload": null
    },
    "blocks": [
      {
        "type": "rich_text",
        "block_id": "jFMvF",
        "elements": [
          {
            "type": "rich_text_section",
            "elements": [
              {
                "type": "text",
                "text": "Good to know"
              }
            ]
          }
        ]
      }
    ],
    "user_team": "T0B72NU6T",
    "source_team": "T0B72NU6T",
    "user_profile": {
      "avatar_hash": "",
      "image_72": "https://secure.gravatar.com/avatar/0c3678032d359f05eb3780fb39f6bbf0.jpg?s=72\u0026d=https%3A%2F%2Fa.slack-edge.com%2Fdf10d%2Fimg%2Favatars%2Fava_0007-72.png",
      "first_name": "Thomas",
      "real_name": "Thomas Nielsen",
      "display_name": "",
      "team": "T0B72NU6T",
      "name": "tln35",
      "is_restricted": false,
      "is_ultra_restricted": false
    }
  }
]
