[
  {
    "client_msg_id": "c0a124db-3a6e-44c3-acc5-49641c5d4e73",
    "type": "message",
    "user": "U0179GP4YB0",
    "text": "If you are using a Mac, you can use an iPad as an external monitor. But that will be more pricey so you would want to use the iPad for more than just that.",
    "ts": "1759933723.368659",
    "thread_ts": "1759859726.908679",
    "parent_user_id": "U02F2HPMYK1",
    "team": "T0B72NU6T",
    "replace_original": false,
    "delete_original": false,
    "metadata": {
      "event_type": "",
      "event_payload": null
    },
    "blocks": [
      {
        "type": "rich_text",
        "block_id": "9IYdP",
        "elements": [
          {
            "type": "rich_text_section",
            "elements": [
              {
                "type": "text",
                "text": "If you are using a Mac, you can use an iPad as an external monitor. But that will be more pricey so you would want to use the iPad for more than just that."
              }
            ]
          }
        ]
      }
    ],
    "user_team": "T0B72NU6T",
    "source_team": "T0B72NU6T",
    "user_profile": {
      "avatar_hash": "",
      "image_72": "https://avatars.slack-edge.com/2023-12-08/6319150152739_932574e4f77b8003e193_72.png",
      "first_name": "",
      "real_name": "Noah Johnson",
      "display_name": "Noah Johnson",
      "team": "T0B72NU6T",
      "name": "jnoahjohnson",
      "is_restricted": false,
      "is_ultra_restricted": false
    }
  }
]
