[
  {
    "client_msg_id": "DF99DB0A-FB87-4EFF-8241-A637747E35F9",
    "type": "message",
    "user": "U090Y4Q2E4F",
    "text": "Who else is going to the Awardco Meet the Engineers night on Thursday night? ",
    "ts": "1759732936.754329",
    "thread_ts": "1759732936.754329",
    "reply_count": 3,
    "reply_users": [
      "U06F9SJQUP2",
      "U07M7C7D25P",
      "UTZM4RZAL"
    ],
    "replies": [
      {
        "user": "U07M7C7D25P",
        "ts": "1759773679.516009"
      },
      {
        "user": "U06F9SJQUP2",
        "ts": "1759781903.879639"
      },
      {
        "user": "UTZM4RZAL",
        "ts": "1759789517.854969"
      }
    ],
    "latest_reply": "1759789517.854969",
    "team": "T0B72NU6T",
    "reactions": [
      {
        "name": "white_check_mark",
        "count": 3,
        "users": [
          "U07T843R21F",
          "U06F9SJQUP2",
          "UTZM4RZAL"
        ]
      }
    ],
    "replace_original": false,
    "delete_original": false,
    "metadata": {
      "event_type": "",
      "event_payload": null
    },
    "blocks": [
      {
        "type": "rich_text",
        "block_id": "Qgoqb",
        "elements": [
          {
            "type": "rich_text_section",
            "elements": [
              {
                "type": "text",
                "text": "Who else is going to the Awardco Meet the Engineers night on Thursday night? "
              }
            ]
          }
        ]
      }
    ],
    "user_team": "T0B72NU6T",
    "source_team": "T0B72NU6T",
    "user_profile": {
      "avatar_hash": "",
      "image_72": "https://avatars.slack-edge.com/2025-10-08/9663943661090_a27c5658906f51ed8a0b_72.jpg",
      "first_name": "Thomas",
      "real_name": "Thomas Chappell",
      "display_name": "",
      "team": "T0B72NU6T",
      "name": "jthomaschappell",
      "is_restricted": false,
      "is_ultra_restricted": false
    },
    "reply_users_count": 3
  }
]
