[
  {
    "client_msg_id": "8BAA2F49-8157-4076-95BE-E9DE682882F8",
    "type": "message",
    "user": "U09EZL3J4HW",
    "text": "Is there A-team today?",
    "ts": "1759502786.107559",
    "team": "T0B72NU6T",
    "replace_original": false,
    "delete_original": false,
    "metadata": {
      "event_type": "",
      "event_payload": null
    },
    "blocks": [
      {
        "type": "rich_text",
        "block_id": "RYEQe",
        "elements": [
          {
            "type": "rich_text_section",
            "elements": [
              {
                "type": "text",
                "text": "Is there A-team today?"
              }
            ]
          }
        ]
      }
    ],
    "user_team": "T0B72NU6T",
    "source_team": "T0B72NU6T",
    "user_profile": {
      "avatar_hash": "",
      "image_72": "https://avatars.slack-edge.com/2025-10-03/9629798504421_fb4c3d6340cb201e14c8_72.png",
      "first_name": "Reece",
      "real_name": "Reece Williams",
      "display_name": "Reece Williams",
      "team": "T0B72NU6T",
      "name": "reecekwilliams428",
      "is_restricted": false,
      "is_ultra_restricted": false
    }
  },
  {
    "client_msg_id": "BBA48804-2C56-4EF7-A62B-568F26FDCB7E",
    "type": "message",
    "user": "U062Q2PUL5V",
    "text": "164",
    "ts": "1759502806.946229",
    "team": "T0B72NU6T",
    "reactions": [
      {
        "name": "heart",
        "count": 1,
        "users": [
          "U09EZL3J4HW"
        ]
      }
    ],
    "replace_original": false,
    "delete_original": false,
    "metadata": {
      "event_type": "",
      "event_payload": null
    },
    "blocks": [
      {
        "type": "rich_text",
        "block_id": "i265/",
        "elements": [
          {
            "type": "rich_text_section",
            "elements": [
              {
                "type": "text",
                "text": "164"
              }
            ]
          }
        ]
      }
    ],
    "user_team": "T0B72NU6T",
    "source_team": "T0B72NU6T",
    "user_profile": {
      "avatar_hash": "",
      "image_72": "https://avatars.slack-edge.com/2023-10-27/6119266763281_f9769e1331c33f34f311_72.jpg",
      "first_name": "Maya",
      "real_name": "Maya Hom",
      "display_name": "",
      "team": "T0B72NU6T",
      "name": "mayah.byu",
      "is_restricted": false,
      "is_ultra_restricted": false
    }
  }
]
