[
  {
    "client_msg_id": "24ef7f43-0c67-4dfb-b122-82ae88222fff",
    "type": "message",
    "user": "U088KLUDYMP",
    "text": "Does anyone have information on a Adobe sponsored coding event? I think its an event one of the core professors mentioned, but I can't find info anywhere. Maybe I made it up :joy:",
    "ts": "1757901593.831579",
    "thread_ts": "1757901593.831579",
    "reply_count": 2,
    "reply_users": [
      "U01TP7DLDQR",
      "U088KLUDYMP"
    ],
    "replies": [
      {
        "user": "U01TP7DLDQR",
        "ts": "1757904858.652149"
      },
      {
        "user": "U088KLUDYMP",
        "ts": "1757943053.591859"
      }
    ],
    "latest_reply": "1757943053.591859",
    "team": "T0B72NU6T",
    "replace_original": false,
    "delete_original": false,
    "metadata": {
      "event_type": "",
      "event_payload": null
    },
    "blocks": [
      {
        "type": "rich_text",
        "block_id": "Cwxgq",
        "elements": [
          {
            "type": "rich_text_section",
            "elements": [
              {
                "type": "text",
                "text": "Does anyone have information on a Adobe sponsored coding event? I think its an event one of the core professors mentioned, but I can't find info anywhere. Maybe I made it up "
              },
              {
                "type": "emoji",
                "name": "joy",
                "unicode": "1f602"
              }
            ]
          }
        ]
      }
    ],
    "user_team": "T0B72NU6T",
    "source_team": "T0B72NU6T",
    "user_profile": {
      "avatar_hash": "",
      "image_72": "https://avatars.slack-edge.com/2025-01-21/8314945633367_47cf1205bf7825c8ffdd_72.jpg",
      "first_name": "Ethan",
      "real_name": "Ethan Housley",
      "display_name": "Ethan Housley",
      "team": "T0B72NU6T",
      "name": "housleye",
      "is_restricted": false,
      "is_ultra_restricted": false
    },
    "reply_users_count": 2
  },
  {
    "client_msg_id": "a67b81b4-b2d5-41c9-b450-8b58794dab82",
    "type": "message",
    "user": "U01TP7DLDQR",
    "text": "Here you go! It says that it will be kicking off in early Sept 2025 (so soon?) and to stay tuned for more details. I'll send something out when I hear more details!\n\n\u003chttps://adobeanalyticschallenge.com\u003e",
    "ts": "1757904858.652149",
    "thread_ts": "1757901593.831579",
    "parent_user_id": "U088KLUDYMP",
    "team": "T0B72NU6T",
    "replace_original": false,
    "delete_original": false,
    "metadata": {
      "event_type": "",
      "event_payload": null
    },
    "blocks": [
      {
        "type": "rich_text",
        "block_id": "d0lcs",
        "elements": [
          {
            "type": "rich_text_section",
            "elements": [
              {
                "type": "text",
                "text": "Here you go! It says that it will be kicking off in early Sept 2025 (so soon?) and to stay tuned for more details. I'll send something out when I hear more details!\n\n"
              },
              {
                "type": "link",
                "url": "https://adobeanalyticschallenge.com",
                "text": ""
              }
            ]
          }
        ]
      }
    ],
    "user_team": "T0B72NU6T",
    "source_team": "T0B72NU6T",
    "user_profile": {
      "avatar_hash": "",
      "image_72": "https://avatars.slack-edge.com/2021-07-15/2279463378323_a4ba23e7355faa24f132_72.jpg",
      "first_name": "Katy",
      "real_name": "Katy Reese",
      "display_name": "Katy Reese",
      "team": "T0B72NU6T",
      "name": "katy.reese",
      "is_restricted": false,
      "is_ultra_restricted": false
    }
  }
]
