[
  {
    "client_msg_id": "b3c1461f-3c69-4238-bd8c-d09413ce3fed",
    "type": "message",
    "user": "U04KFNEKXFF",
    "text": "I am looking for a job on campus or any part time job that allows me to work with CPT starting from Oct. I am in second year of MISM. If any of you know open position, please let me know!",
    "ts": "1758435194.808229",
    "team": "T0B72NU6T",
    "reactions": [
      {
        "name": "heart",
        "count": 2,
        "users": [
          "U05QUTWC0CW",
          "U09E1U40W03"
        ]
      }
    ],
    "replace_original": false,
    "delete_original": false,
    "metadata": {
      "event_type": "",
      "event_payload": null
    },
    "blocks": [
      {
        "type": "rich_text",
        "block_id": "bp1q0",
        "elements": [
          {
            "type": "rich_text_section",
            "elements": [
              {
                "type": "text",
                "text": "I am looking for a job on campus or any part time job that allows me to work with CPT starting from Oct. I am in second year of MISM. If any of you know open position, please let me know!"
              }
            ]
          }
        ]
      }
    ],
    "user_team": "T0B72NU6T",
    "source_team": "T0B72NU6T",
    "user_profile": {
      "avatar_hash": "",
      "image_72": "https://avatars.slack-edge.com/2023-04-17/5123424757266_69d85bae07ddaf93dd2c_72.jpg",
      "first_name": "Aiki",
      "real_name": "Aiki Takaku",
      "display_name": "",
      "team": "T0B72NU6T",
      "name": "takaku",
      "is_restricted": false,
      "is_ultra_restricted": false
    }
  }
]
