[
  {
    "client_msg_id": "17f3aa34-e826-4c83-9d0f-68772d905997",
    "type": "message",
    "user": "U08AXKA4BT9",
    "text": "Anyone proficient with cursor/claude code competing in the hackathon this weekend? Looking for teammates. I myself have hundreds of hours on cursor",
    "ts": "1760581027.775349",
    "thread_ts": "1760581027.775349",
    "reply_count": 1,
    "reply_users": [
      "U090Y4Q2E4F"
    ],
    "replies": [
      {
        "user": "U090Y4Q2E4F",
        "ts": "1760634074.519709"
      }
    ],
    "latest_reply": "1760634074.519709",
    "team": "T0B72NU6T",
    "replace_original": false,
    "delete_original": false,
    "metadata": {
      "event_type": "",
      "event_payload": null
    },
    "blocks": [
      {
        "type": "rich_text",
        "block_id": "OJX9e",
        "elements": [
          {
            "type": "rich_text_section",
            "elements": [
              {
                "type": "text",
                "text": "Anyone proficient with cursor/claude code competing in the hackathon this weekend? Looking for teammates. I myself have hundreds of hours on cursor"
              }
            ]
          }
        ]
      }
    ],
    "user_team": "T0B72NU6T",
    "source_team": "T0B72NU6T",
    "user_profile": {
      "avatar_hash": "",
      "image_72": "https://secure.gravatar.com/avatar/3a9d9a026eae53959a131ff16ecc2b27.jpg?s=72\u0026d=https%3A%2F%2Fa.slack-edge.com%2Fdf10d%2Fimg%2Favatars%2Fava_0021-72.png",
      "first_name": "Zachary",
      "real_name": "Zachary Hada",
      "display_name": "",
      "team": "T0B72NU6T",
      "name": "zackhada",
      "is_restricted": false,
      "is_ultra_restricted": false
    },
    "reply_users_count": 1
  },
  {
    "client_msg_id": "cce5e18f-b979-4e4a-b594-8b2f3487245d",
    "type": "message",
    "user": "U08FFTU6TDJ",
    "text": "Has anyone done an interview with Zions Bankcorporation?",
    "ts": "1760590313.112839",
    "thread_ts": "1760590313.112839",
    "reply_count": 5,
    "reply_users": [
      "U02SCCBDKTQ",
      "U03V796M6ET",
      "U04KB5UR6TZ",
      "U04LEHD0VQU",
      "U06F9SJQUP2"
    ],
    "replies": [
      {
        "user": "U06F9SJQUP2",
        "ts": "1760623601.363459"
      },
      {
        "user": "U04KB5UR6TZ",
        "ts": "1760635319.996029"
      },
      {
        "user": "U02SCCBDKTQ",
        "ts": "1760637186.873859"
      },
      {
        "user": "U03V796M6ET",
        "ts": "1760641618.999769"
      },
      {
        "user": "U04LEHD0VQU",
        "ts": "1760645365.925829"
      }
    ],
    "latest_reply": "1760645365.925829",
    "team": "T0B72NU6T",
    "replace_original": false,
    "delete_original": false,
    "metadata": {
      "event_type": "",
      "event_payload": null
    },
    "blocks": [
      {
        "type": "rich_text",
        "block_id": "/wPFY",
        "elements": [
          {
            "type": "rich_text_section",
            "elements": [
              {
                "type": "text",
                "text": "Has anyone done an interview with Zions Bankcorporation?"
              }
            ]
          }
        ]
      }
    ],
    "user_team": "T0B72NU6T",
    "source_team": "T0B72NU6T",
    "user_profile": {
      "avatar_hash": "",
      "image_72": "https://avatars.slack-edge.com/2025-10-29/9813746851793_970163bb1dfd94beab0c_72.jpg",
      "first_name": "Maddie",
      "real_name": "Maddie Jones",
      "display_name": "",
      "team": "T0B72NU6T",
      "name": "kaymads",
      "is_restricted": false,
      "is_ultra_restricted": false
    },
    "reply_users_count": 5
  }
]
