[
  {
    "client_msg_id": "390f511a-ee60-4086-a073-5d10acdebdc9",
    "type": "message",
    "user": "U04K2B3FK3P",
    "text": "Great! We would love any advice or guidance to put us on the right track.\n\nWe've set up the Azure App Registration, Bot Framework, Supabase functions, and the Teams app manifest. The OAuth flow for connecting the app is now working correctly.\n\nHowever, we're currently stuck on deploying the app to Teams. When I go to the Teams client, navigate to 'Manage your apps,' select 'Upload a custom app,' choose my .zip file, and click 'Add,' I get an error message. The message says: \"You don't have access to this app. Due to your org's messaging policy, you are not allowed to install this app.\"\n\nWe've double-checked all the app configurations and permissions in Azure, and everything seems to be set up to allow installation. I'm not sure why this policy error is appearing. Any thoughts on what might be causing this or how to get around it for testing?",
    "ts": "1761598238.497139",
    "thread_ts": "1761069366.579969",
    "parent_user_id": "U04K2B3FK3P",
    "team": "T0B72NU6T",
    "replace_original": false,
    "delete_original": false,
    "metadata": {
      "event_type": "",
      "event_payload": null
    },
    "blocks": [
      {
        "type": "rich_text",
        "block_id": "iq6oL",
        "elements": [
          {
            "type": "rich_text_section",
            "elements": [
              {
                "type": "text",
                "text": "Great! We would love any advice or guidance to put us on the right track.\n\nWe've set up the Azure App Registration, Bot Framework, Supabase functions, and the Teams app manifest. The OAuth flow for connecting the app is now working correctly.\n\nHowever, we're currently stuck on deploying the app to Teams. When I go to the Teams client, navigate to 'Manage your apps,' select 'Upload a custom app,' choose my .zip file, and click 'Add,' I get an error message. The message says: \"You don't have access to this app. Due to your org's messaging policy, you are not allowed to install this app.\"\n\nWe've double-checked all the app configurations and permissions in Azure, and everything seems to be set up to allow installation. I'm not sure why this policy error is appearing. Any thoughts on what might be causing this or how to get around it for testing?"
              }
            ]
          }
        ]
      }
    ],
    "user_team": "T0B72NU6T",
    "source_team": "T0B72NU6T",
    "user_profile": {
      "avatar_hash": "",
      "image_72": "https://avatars.slack-edge.com/2024-01-08/6439588085922_c860128d9c4c40446ad9_72.jpg",
      "first_name": "Joseph",
      "real_name": "Joseph Flake",
      "display_name": "",
      "team": "T0B72NU6T",
      "name": "flakejoe8",
      "is_restricted": false,
      "is_ultra_restricted": false
    }
  }
]
