[
  {
    "client_msg_id": "10bc1f13-bea3-41cf-8f60-bf595eb6eb2d",
    "type": "message",
    "user": "U0HM7RR6Z",
    "text": "\u003c@U04069MBS6P\u003e: Hey all, I'm trying to get more responses to this survey for STRAT 560. If you guys have like 3 minutes, would you fill it out for me really quickly?\n\n\u003chttps://app.pricerfy.com/survey_response/e9f6f2cc-069a-4ae9-bd41-7ec935f8167e\u003e",
    "ts": "1763488728.835069",
    "team": "T0B72NU6T",
    "replace_original": false,
    "delete_original": false,
    "metadata": {
      "event_type": "",
      "event_payload": null
    },
    "blocks": [
      {
        "type": "rich_text",
        "block_id": "2Szso",
        "elements": [
          {
            "type": "rich_text_section",
            "elements": [
              {
                "type": "user",
                "user_id": "U04069MBS6P"
              },
              {
                "type": "text",
                "text": ": Hey all, I'm trying to get more responses to this survey for STRAT 560. If you guys have like 3 minutes, would you fill it out for me really quickly?\n\n"
              },
              {
                "type": "link",
                "url": "https://app.pricerfy.com/survey_response/e9f6f2cc-069a-4ae9-bd41-7ec935f8167e",
                "text": ""
              }
            ]
          }
        ]
      }
    ],
    "user_team": "T0B72NU6T",
    "source_team": "T0B72NU6T",
    "user_profile": {
      "avatar_hash": "",
      "image_72": "https://avatars.slack-edge.com/2016-09-08/77690983955_f39dc710c4050e9378e7_72.png",
      "first_name": "AIS",
      "real_name": "AIS Admin",
      "display_name": "aisadmin",
      "team": "T0B72NU6T",
      "name": "aisadmin",
      "is_restricted": false,
      "is_ultra_restricted": false
    }
  }
]
