[
  {
    "client_msg_id": "41dfef5e-a7a0-4c9c-8cad-4f545a724ca7",
    "type": "message",
    "user": "U02SCCBDKTQ",
    "text": "Has anyone taken an independent study class? Specifically ECON 110?",
    "ts": "1757018291.940709",
    "thread_ts": "1757018291.940709",
    "reply_count": 4,
    "reply_users": [
      "U02SCCBDKTQ",
      "U03V796M6ET",
      "U04M4FJ7B2R",
      "U05QM1EB7HV"
    ],
    "replies": [
      {
        "user": "U03V796M6ET",
        "ts": "1757018427.893019"
      },
      {
        "user": "U02SCCBDKTQ",
        "ts": "1757019436.099049"
      },
      {
        "user": "U04M4FJ7B2R",
        "ts": "1757021909.658059"
      },
      {
        "user": "U05QM1EB7HV",
        "ts": "1757022577.682579"
      }
    ],
    "latest_reply": "1757022577.682579",
    "team": "T0B72NU6T",
    "replace_original": false,
    "delete_original": false,
    "metadata": {
      "event_type": "",
      "event_payload": null
    },
    "blocks": [
      {
        "type": "rich_text",
        "block_id": "YRQ3Q",
        "elements": [
          {
            "type": "rich_text_section",
            "elements": [
              {
                "type": "text",
                "text": "Has anyone taken an independent study class? Specifically ECON 110?"
              }
            ]
          }
        ]
      }
    ],
    "user_team": "T0B72NU6T",
    "source_team": "T0B72NU6T",
    "user_profile": {
      "avatar_hash": "",
      "image_72": "https://avatars.slack-edge.com/2024-02-28/6715654701221_8e27349b0a174ad75b47_72.png",
      "first_name": "Tanner",
      "real_name": "Tanner Atkin",
      "display_name": "",
      "team": "T0B72NU6T",
      "name": "tmanatkin",
      "is_restricted": false,
      "is_ultra_restricted": false
    },
    "reply_users_count": 4
  },
  {
    "client_msg_id": "3afaca73-7577-4bc2-b03b-49a2171b7bd8",
    "type": "message",
    "user": "U03V796M6ET",
    "text": "I'm taking ECON 110 independent study right now",
    "ts": "1757018427.893019",
    "thread_ts": "1757018291.940709",
    "parent_user_id": "U02SCCBDKTQ",
    "team": "T0B72NU6T",
    "replace_original": false,
    "delete_original": false,
    "metadata": {
      "event_type": "",
      "event_payload": null
    },
    "blocks": [
      {
        "type": "rich_text",
        "block_id": "6BiJb",
        "elements": [
          {
            "type": "rich_text_section",
            "elements": [
              {
                "type": "text",
                "text": "I'm taking ECON 110 independent study right now"
              }
            ]
          }
        ]
      }
    ],
    "user_team": "T0B72NU6T",
    "source_team": "T0B72NU6T",
    "user_profile": {
      "avatar_hash": "",
      "image_72": "https://avatars.slack-edge.com/2022-12-02/4459514610901_5ebe7abb7ecfc1982815_72.jpg",
      "first_name": "Joseph",
      "real_name": "Joseph Fuge",
      "display_name": "Joseph Fuge",
      "team": "T0B72NU6T",
      "name": "josephfuge1",
      "is_restricted": false,
      "is_ultra_restricted": false
    }
  },
  {
    "client_msg_id": "22ADF5C7-E17C-436C-B28A-0EA80BA503F6",
    "type": "message",
    "user": "U02SCCBDKTQ",
    "text": "Dope, I’ll message you about it",
    "ts": "1757019436.099049",
    "thread_ts": "1757018291.940709",
    "parent_user_id": "U02SCCBDKTQ",
    "team": "T0B72NU6T",
    "replace_original": false,
    "delete_original": false,
    "metadata": {
      "event_type": "",
      "event_payload": null
    },
    "blocks": [
      {
        "type": "rich_text",
        "block_id": "6z1PY",
        "elements": [
          {
            "type": "rich_text_section",
            "elements": [
              {
                "type": "text",
                "text": "Dope, I’ll message you"
              },
              {
                "type": "text",
                "text": " about it"
              }
            ]
          }
        ]
      }
    ],
    "user_team": "T0B72NU6T",
    "source_team": "T0B72NU6T",
    "user_profile": {
      "avatar_hash": "",
      "image_72": "https://avatars.slack-edge.com/2024-02-28/6715654701221_8e27349b0a174ad75b47_72.png",
      "first_name": "Tanner",
      "real_name": "Tanner Atkin",
      "display_name": "",
      "team": "T0B72NU6T",
      "name": "tmanatkin",
      "is_restricted": false,
      "is_ultra_restricted": false
    }
  },
  {
    "client_msg_id": "B3C41D4F-2D52-4821-A366-A9482802F42A",
    "type": "message",
    "user": "U04M4FJ7B2R",
    "text": "I was the TA for Econ independent study with Kearl",
    "ts": "1757021909.658059",
    "thread_ts": "1757018291.940709",
    "parent_user_id": "U02SCCBDKTQ",
    "team": "T0B72NU6T",
    "replace_original": false,
    "delete_original": false,
    "metadata": {
      "event_type": "",
      "event_payload": null
    },
    "blocks": [
      {
        "type": "rich_text",
        "block_id": "4ml50",
        "elements": [
          {
            "type": "rich_text_section",
            "elements": [
              {
                "type": "text",
                "text": "I was the TA for Econ independent study with Kearl"
              }
            ]
          }
        ]
      }
    ],
    "user_team": "T0B72NU6T",
    "source_team": "T0B72NU6T",
    "user_profile": {
      "avatar_hash": "",
      "image_72": "https://avatars.slack-edge.com/2025-10-09/9670442883782_350ea49d03f52b6059fb_72.png",
      "first_name": "Natali",
      "real_name": "Natali Mendoza",
      "display_name": "",
      "team": "T0B72NU6T",
      "name": "bookworm2035",
      "is_restricted": false,
      "is_ultra_restricted": false
    }
  },
  {
    "client_msg_id": "7d009f24-f47c-41ea-94c6-85eb7a3f9cee",
    "type": "message",
    "user": "U05QM1EB7HV",
    "text": "i worked for independent study lol",
    "ts": "1757022577.682579",
    "thread_ts": "1757018291.940709",
    "parent_user_id": "U02SCCBDKTQ",
    "team": "T0B72NU6T",
    "replace_original": false,
    "delete_original": false,
    "metadata": {
      "event_type": "",
      "event_payload": null
    },
    "blocks": [
      {
        "type": "rich_text",
        "block_id": "7vdrs",
        "elements": [
          {
            "type": "rich_text_section",
            "elements": [
              {
                "type": "text",
                "text": "i worked for independent study lol"
              }
            ]
          }
        ]
      }
    ],
    "user_team": "T0B72NU6T",
    "source_team": "T0B72NU6T",
    "user_profile": {
      "avatar_hash": "",
      "image_72": "https://avatars.slack-edge.com/2024-01-16/6475402404726_bf4bc7a495e01653c285_72.jpg",
      "first_name": "Isaac",
      "real_name": "Isaac Day",
      "display_name": "",
      "team": "T0B72NU6T",
      "name": "isaacmd",
      "is_restricted": false,
      "is_ultra_restricted": false
    }
  },
  {
    "client_msg_id": "64552f8a-f1d9-4b6d-9440-601183c8ee2a",
    "type": "message",
    "user": "U06KU9SDC3Y",
    "text": "INTEX is the week after Thanksgiving (first week of December), right? I'm trying to submit a request for time off work as soon as I can.",
    "ts": "1757049509.995079",
    "thread_ts": "1757049509.995079",
    "edited": {
      "user": "U06KU9SDC3Y",
      "ts": "1757049552.000000"
    },
    "reply_count": 1,
    "reply_users": [
      "U01TP7DLDQR"
    ],
    "replies": [
      {
        "user": "U01TP7DLDQR",
        "ts": "1757080907.386429"
      }
    ],
    "latest_reply": "1757080907.386429",
    "team": "T0B72NU6T",
    "replace_original": false,
    "delete_original": false,
    "metadata": {
      "event_type": "",
      "event_payload": null
    },
    "blocks": [
      {
        "type": "rich_text",
        "block_id": "J3uPt",
        "elements": [
          {
            "type": "rich_text_section",
            "elements": [
              {
                "type": "text",
                "text": "INTEX is the week after Thanksgiving (first week of December), right? I'm trying to submit a request for time off work as soon as I can."
              }
            ]
          }
        ]
      }
    ],
    "user_team": "T0B72NU6T",
    "source_team": "T0B72NU6T",
    "user_profile": {
      "avatar_hash": "",
      "image_72": "https://avatars.slack-edge.com/2025-09-04/9449670263975_87346291151d4a87481b_72.jpg",
      "first_name": "Jason",
      "real_name": "Jason Carter",
      "display_name": "Jason Carter",
      "team": "T0B72NU6T",
      "name": "jasoacar578",
      "is_restricted": false,
      "is_ultra_restricted": false
    },
    "reply_users_count": 1
  }
]
