[
  {
    "client_msg_id": "347dc1f3-fe4d-4e46-aa63-1b1aa640172b",
    "type": "message",
    "user": "U06637JSSER",
    "text": "Does anybody have solid experience with configuring Google OAuth? Bonus points if you have experience integrating Google OAuth with Supabase",
    "ts": "1760806696.605759",
    "team": "T0B72NU6T",
    "replace_original": false,
    "delete_original": false,
    "metadata": {
      "event_type": "",
      "event_payload": null
    },
    "blocks": [
      {
        "type": "rich_text",
        "block_id": "W+l9Q",
        "elements": [
          {
            "type": "rich_text_section",
            "elements": [
              {
                "type": "text",
                "text": "Does anybody have solid experience with configuring Google OAuth? Bonus points if you have experience integrating Google OAuth with Supabase"
              }
            ]
          }
        ]
      }
    ],
    "user_team": "T0B72NU6T",
    "source_team": "T0B72NU6T",
    "user_profile": {
      "avatar_hash": "",
      "image_72": "https://avatars.slack-edge.com/2025-06-09/9014467938627_2249c50920d8d5fb6e4d_72.jpg",
      "first_name": "Caydn",
      "real_name": "Caydn Baldwin",
      "display_name": "",
      "team": "T0B72NU6T",
      "name": "caydn",
      "is_restricted": false,
      "is_ultra_restricted": false
    }
  },
  {
    "client_msg_id": "7ADC6389-2650-46DB-98A2-6D0CB0321AC2",
    "type": "message",
    "user": "U032KMW8TC1",
    "text": "ANDROID USERS\n\nWould anyone be willing to help me test my android app so I can release it on the Google play store?\n\nIt will only take 10-15 minutes of your time. If you’re interested, DM me your email.",
    "ts": "1760815587.148929",
    "team": "T0B72NU6T",
    "replace_original": false,
    "delete_original": false,
    "metadata": {
      "event_type": "",
      "event_payload": null
    },
    "blocks": [
      {
        "type": "rich_text",
        "block_id": "Ffnhm",
        "elements": [
          {
            "type": "rich_text_section",
            "elements": [
              {
                "type": "text",
                "text": "ANDROID USERS\n\nWould anyone be willing to help me test my android app so I can release it on the Google play store?\n\nIt will only take 10-15 minutes of your time. If "
              },
              {
                "type": "text",
                "text": "you’re"
              },
              {
                "type": "text",
                "text": " interested, DM me your email."
              }
            ]
          }
        ]
      }
    ],
    "user_team": "T0B72NU6T",
    "source_team": "T0B72NU6T",
    "user_profile": {
      "avatar_hash": "",
      "image_72": "https://avatars.slack-edge.com/2022-10-30/4297246964850_b918660572e92304de41_72.png",
      "first_name": "Derek",
      "real_name": "Derek Johnson",
      "display_name": "Derek Johnson",
      "team": "T0B72NU6T",
      "name": "derekaj16",
      "is_restricted": false,
      "is_ultra_restricted": false
    }
  }
]
