[
  {
    "client_msg_id": "15d89f8c-2e0e-4442-a829-7a43e97f3a11",
    "type": "message",
    "user": "U052NQL98UV",
    "text": "Yes, that's me! I'm your academic advisor for any undergraduate requirements, whether you're in the MISM or not. Swan works specifically with the MISM requirements, but since MISM students graduate with their bachelor's and master's degrees simultaneously, they still meet with me to discuss BSIS requirements. You can make an appointment with me by contacting our front desk at \u003ctel:8014224285|801-422-4285\u003e or at \u003cmailto:msb_advisement@byu.edu|msb_advisement@byu.edu\u003e, or by clicking on this link: \u003chttps://byu2.my.site.com/s/advisingpool/a0YPe00000V0heDMAR/marriott-school-advisement-morgan-shaw|here\u003e.\n\nAnd remember to keep an eye on your email...since I've been emailing all of you this last week, haha.",
    "ts": "1761066680.902389",
    "thread_ts": "1760982292.157539",
    "parent_user_id": "U04QW4P72QN",
    "team": "T0B72NU6T",
    "reactions": [
      {
        "name": "raised_hands",
        "count": 1,
        "users": [
          "U07T843R21F"
        ]
      }
    ],
    "replace_original": false,
    "delete_original": false,
    "metadata": {
      "event_type": "",
      "event_payload": null
    },
    "blocks": [
      {
        "type": "rich_text",
        "block_id": "gfkT1",
        "elements": [
          {
            "type": "rich_text_section",
            "elements": [
              {
                "type": "text",
                "text": "Yes, that's me! I'm your academic advisor for any undergraduate requirements, whether you're in the MISM or not. Swan works specifically with the MISM requirements, but since MISM students graduate with their bachelor's and master's degrees simultaneously, they still meet with me to discuss BSIS requirements. You can make an appointment with me by contacting our front desk at "
              },
              {
                "type": "link",
                "url": "tel:8014224285",
                "text": "801-422-4285"
              },
              {
                "type": "text",
                "text": " or at "
              },
              {
                "type": "link",
                "url": "mailto:msb_advisement@byu.edu",
                "text": "msb_advisement@byu.edu"
              },
              {
                "type": "text",
                "text": ", or by clicking on this link: "
              },
              {
                "type": "link",
                "url": "https://byu2.my.site.com/s/advisingpool/a0YPe00000V0heDMAR/marriott-school-advisement-morgan-shaw",
                "text": "here"
              },
              {
                "type": "text",
                "text": ".\n\nAnd remember to keep an eye on your email...since I've been emailing all of you this last week, haha."
              }
            ]
          }
        ]
      }
    ],
    "user_team": "T0B72NU6T",
    "source_team": "T0B72NU6T",
    "user_profile": {
      "avatar_hash": "",
      "image_72": "https://avatars.slack-edge.com/2025-10-21/9744919214932_5abc7e37e0e15efd5876_72.jpg",
      "first_name": "Morgan",
      "real_name": "Morgan Shaw",
      "display_name": "Morgan Shaw - Email me so I don't miss your message...",
      "team": "T0B72NU6T",
      "name": "morgan_shaw",
      "is_restricted": false,
      "is_ultra_restricted": false
    }
  },
  {
    "client_msg_id": "a7f56d6e-ee4e-4e8b-8748-a038d2c94a35",
    "type": "message",
    "user": "U04K2B3FK3P",
    "text": "Does anyone have experience with registering AI bots through Microsoft Azure? We're trying to make it so we can add our AI bot to our Microsoft Teams.",
    "ts": "1761069366.579969",
    "thread_ts": "1761069366.579969",
    "reply_count": 3,
    "reply_users": [
      "U0179GP4YB0",
      "U04K2B3FK3P"
    ],
    "replies": [
      {
        "user": "U0179GP4YB0",
        "ts": "1761343322.892959"
      },
      {
        "user": "U04K2B3FK3P",
        "ts": "1761598238.497139"
      },
      {
        "user": "U04K2B3FK3P",
        "ts": "1761755668.762489"
      }
    ],
    "latest_reply": "1761755668.762489",
    "team": "T0B72NU6T",
    "replace_original": false,
    "delete_original": false,
    "metadata": {
      "event_type": "",
      "event_payload": null
    },
    "blocks": [
      {
        "type": "rich_text",
        "block_id": "9KryO",
        "elements": [
          {
            "type": "rich_text_section",
            "elements": [
              {
                "type": "text",
                "text": "Does anyone have experience with registering AI bots through Microsoft Azure? We're trying to make it so we can add our AI bot to our Microsoft Teams."
              }
            ]
          }
        ]
      }
    ],
    "user_team": "T0B72NU6T",
    "source_team": "T0B72NU6T",
    "user_profile": {
      "avatar_hash": "",
      "image_72": "https://avatars.slack-edge.com/2024-01-08/6439588085922_c860128d9c4c40446ad9_72.jpg",
      "first_name": "Joseph",
      "real_name": "Joseph Flake",
      "display_name": "",
      "team": "T0B72NU6T",
      "name": "flakejoe8",
      "is_restricted": false,
      "is_ultra_restricted": false
    },
    "reply_users_count": 2
  }
]
