[
  {
    "client_msg_id": "ac952b5c-5ff6-41e3-92cb-a57ed589799d",
    "type": "message",
    "user": "U0HM7RR6Z",
    "text": "\u003c@U064W761AG3\u003e: Anyone have experience with or know someone who has undergone BYUs GMAT test prep course? I have some questions!",
    "ts": "1756849950.753129",
    "thread_ts": "1756849950.753129",
    "reply_count": 1,
    "reply_users": [
      "U05QYKUN9AR"
    ],
    "replies": [
      {
        "user": "U05QYKUN9AR",
        "ts": "1756850318.981769"
      }
    ],
    "latest_reply": "1756850318.981769",
    "team": "T0B72NU6T",
    "replace_original": false,
    "delete_original": false,
    "metadata": {
      "event_type": "",
      "event_payload": null
    },
    "blocks": [
      {
        "type": "rich_text",
        "block_id": "yPJNz",
        "elements": [
          {
            "type": "rich_text_section",
            "elements": [
              {
                "type": "user",
                "user_id": "U064W761AG3"
              },
              {
                "type": "text",
                "text": ": Anyone have experience with or know someone who has undergone BYUs GMAT test prep course? I have some questions!"
              }
            ]
          }
        ]
      }
    ],
    "user_team": "T0B72NU6T",
    "source_team": "T0B72NU6T",
    "user_profile": {
      "avatar_hash": "",
      "image_72": "https://avatars.slack-edge.com/2016-09-08/77690983955_f39dc710c4050e9378e7_72.png",
      "first_name": "AIS",
      "real_name": "AIS Admin",
      "display_name": "aisadmin",
      "team": "T0B72NU6T",
      "name": "aisadmin",
      "is_restricted": false,
      "is_ultra_restricted": false
    },
    "reply_users_count": 1
  },
  {
    "client_msg_id": "76fd0ea4-0c72-4691-8df7-007da9d90d9b",
    "type": "message",
    "user": "U05QYKUN9AR",
    "text": "\u003c@U064W761AG3\u003e I haven’t personally taken the prep course at BYU, but I’ve looked into it a bit and heard general feedback from students. I also have some experience with the GMAT itself, so depending on your questions, I might be able to help!",
    "ts": "1756850318.981769",
    "thread_ts": "1756849950.753129",
    "parent_user_id": "U0HM7RR6Z",
    "team": "T0B72NU6T",
    "replace_original": false,
    "delete_original": false,
    "metadata": {
      "event_type": "",
      "event_payload": null
    },
    "blocks": [
      {
        "type": "rich_text",
        "block_id": "06LAk",
        "elements": [
          {
            "type": "rich_text_section",
            "elements": [
              {
                "type": "user",
                "user_id": "U064W761AG3"
              },
              {
                "type": "text",
                "text": " I haven’t personally taken the prep course at BYU, but I’ve looked into it a bit and heard general feedback from students. I also have some experience with the GMAT itself, so depending on your questions, I might be able to help!"
              }
            ]
          }
        ]
      }
    ],
    "user_team": "T0B72NU6T",
    "source_team": "T0B72NU6T",
    "user_profile": {
      "avatar_hash": "",
      "image_72": "https://avatars.slack-edge.com/2024-01-26/6552645357937_5db7bb38023203a14a98_72.png",
      "first_name": "Madison",
      "real_name": "Madison Hutchings",
      "display_name": "",
      "team": "T0B72NU6T",
      "name": "madhutch",
      "is_restricted": false,
      "is_ultra_restricted": false
    }
  }
]
