[
  {
    "client_msg_id": "0DD7D30B-4547-46EB-A9F6-21D45444EE94",
    "type": "message",
    "user": "U06E6HJ3Q07",
    "text": "where is the A-Team Meeting? ",
    "ts": "1760109052.664489",
    "thread_ts": "1760109052.664489",
    "reply_count": 1,
    "reply_users": [
      "U09GQAJ4ZRQ"
    ],
    "replies": [
      {
        "user": "U09GQAJ4ZRQ",
        "ts": "1760109071.235499"
      }
    ],
    "latest_reply": "1760109071.235499",
    "team": "T0B72NU6T",
    "replace_original": false,
    "delete_original": false,
    "metadata": {
      "event_type": "",
      "event_payload": null
    },
    "blocks": [
      {
        "type": "rich_text",
        "block_id": "whvhd",
        "elements": [
          {
            "type": "rich_text_section",
            "elements": [
              {
                "type": "text",
                "text": "where is the A-Team Meeting? "
              }
            ]
          }
        ]
      }
    ],
    "user_team": "T0B72NU6T",
    "source_team": "T0B72NU6T",
    "user_profile": {
      "avatar_hash": "",
      "image_72": "https://avatars.slack-edge.com/2024-01-18/6482596174663_36a45c20617731ae39e4_72.jpg",
      "first_name": "Abigayle",
      "real_name": "Abigayle Erickson",
      "display_name": "",
      "team": "T0B72NU6T",
      "name": "abigale.erickson",
      "is_restricted": false,
      "is_ultra_restricted": false
    },
    "reply_users_count": 1
  },
  {
    "client_msg_id": "5150F354-5223-4742-B2F6-4CD59EB3D770",
    "type": "message",
    "user": "U09GQAJ4ZRQ",
    "text": "W308",
    "ts": "1760109071.235499",
    "thread_ts": "1760109052.664489",
    "parent_user_id": "U06E6HJ3Q07",
    "team": "T0B72NU6T",
    "replace_original": false,
    "delete_original": false,
    "metadata": {
      "event_type": "",
      "event_payload": null
    },
    "blocks": [
      {
        "type": "rich_text",
        "block_id": "EDguW",
        "elements": [
          {
            "type": "rich_text_section",
            "elements": [
              {
                "type": "text",
                "text": "W308"
              }
            ]
          }
        ]
      }
    ],
    "user_team": "T0B72NU6T",
    "source_team": "T0B72NU6T",
    "user_profile": {
      "avatar_hash": "",
      "image_72": "https://avatars.slack-edge.com/2025-10-03/9631616081653_220359e2a7c3dbc7316a_72.png",
      "first_name": "McKinley",
      "real_name": "McKinley Redden",
      "display_name": "",
      "team": "T0B72NU6T",
      "name": "mredden0",
      "is_restricted": false,
      "is_ultra_restricted": false
    }
  }
]
