[
  {
    "client_msg_id": "EF16BEB6-28A5-4C83-BD25-194EA8752A7F",
    "type": "message",
    "user": "U0620AAEKK4",
    "text": "Is technite happening this week still?",
    "ts": "1761851826.874839",
    "thread_ts": "1761851826.874839",
    "reply_count": 5,
    "reply_users": [
      "U02MV6LRN1K",
      "U03V796M6ET",
      "U04K58B9GPL",
      "U06D34TM2JZ"
    ],
    "replies": [
      {
        "user": "U04K58B9GPL",
        "ts": "1761852329.563079"
      },
      {
        "user": "U02MV6LRN1K",
        "ts": "1761852904.611579"
      },
      {
        "user": "U06D34TM2JZ",
        "ts": "1761864391.977539"
      },
      {
        "user": "U03V796M6ET",
        "ts": "1761864527.940839"
      },
      {
        "user": "U06D34TM2JZ",
        "ts": "1761869464.443129"
      }
    ],
    "latest_reply": "1761869464.443129",
    "team": "T0B72NU6T",
    "reactions": [
      {
        "name": "white_check_mark",
        "count": 1,
        "users": [
          "U03V796M6ET"
        ]
      }
    ],
    "replace_original": false,
    "delete_original": false,
    "metadata": {
      "event_type": "",
      "event_payload": null
    },
    "blocks": [
      {
        "type": "rich_text",
        "block_id": "LShML",
        "elements": [
          {
            "type": "rich_text_section",
            "elements": [
              {
                "type": "text",
                "text": "Is "
              },
              {
                "type": "text",
                "text": "technite happening this week still?"
              }
            ]
          }
        ]
      }
    ],
    "user_team": "T0B72NU6T",
    "source_team": "T0B72NU6T",
    "user_profile": {
      "avatar_hash": "",
      "image_72": "https://avatars.slack-edge.com/2024-02-06/6599694163924_c658f006f5465246c095_72.png",
      "first_name": "Riley",
      "real_name": "Riley Taylor",
      "display_name": "",
      "team": "T0B72NU6T",
      "name": "rileywtaylor",
      "is_restricted": false,
      "is_ultra_restricted": false
    },
    "reply_users_count": 4
  },
  {
    "client_msg_id": "59188D1C-312E-4E5D-913C-3DACF979DA7A",
    "type": "message",
    "user": "U04K58B9GPL",
    "text": "\u003c@U06F9SH6V52\u003e \u003c@U03V796M6ET\u003e ",
    "ts": "1761852329.563079",
    "thread_ts": "1761851826.874839",
    "parent_user_id": "U0620AAEKK4",
    "team": "T0B72NU6T",
    "replace_original": false,
    "delete_original": false,
    "metadata": {
      "event_type": "",
      "event_payload": null
    },
    "blocks": [
      {
        "type": "rich_text",
        "block_id": "0a9Nl",
        "elements": [
          {
            "type": "rich_text_section",
            "elements": [
              {
                "type": "user",
                "user_id": "U06F9SH6V52"
              },
              {
                "type": "text",
                "text": " "
              },
              {
                "type": "user",
                "user_id": "U03V796M6ET"
              },
              {
                "type": "text",
                "text": " "
              }
            ]
          }
        ]
      }
    ],
    "user_team": "T0B72NU6T",
    "source_team": "T0B72NU6T",
    "user_profile": {
      "avatar_hash": "",
      "image_72": "https://avatars.slack-edge.com/2024-02-12/6648778046880_55ec6244eb0bd2bc52b2_72.png",
      "first_name": "Teigen",
      "real_name": "Teigen Burrows",
      "display_name": "",
      "team": "T0B72NU6T",
      "name": "teigenburrows",
      "is_restricted": false,
      "is_ultra_restricted": false
    }
  },
  {
    "client_msg_id": "F5630E3C-82DC-4711-8822-CEF63C3898A4",
    "type": "message",
    "user": "U02MV6LRN1K",
    "text": "It is indeed, Jack will be showing you how to build Agentic solutions!! :robot_face:",
    "ts": "1761852904.611579",
    "thread_ts": "1761851826.874839",
    "edited": {
      "user": "U02MV6LRN1K",
      "ts": "1761852917.000000"
    },
    "parent_user_id": "U0620AAEKK4",
    "team": "T0B72NU6T",
    "reactions": [
      {
        "name": "+1",
        "count": 4,
        "users": [
          "U0620AAEKK4",
          "U03V796M6ET",
          "U06D34TM2JZ",
          "U083PHSPYMP"
        ]
      },
      {
        "name": "deployparrot",
        "count": 3,
        "users": [
          "U03V796M6ET",
          "U06D34TM2JZ",
          "U083PHSPYMP"
        ]
      },
      {
        "name": "chrisprattinfo",
        "count": 2,
        "users": [
          "U05QUTWC0CW",
          "U083PHSPYMP"
        ]
      }
    ],
    "replace_original": false,
    "delete_original": false,
    "metadata": {
      "event_type": "",
      "event_payload": null
    },
    "blocks": [
      {
        "type": "rich_text",
        "block_id": "aJfVc",
        "elements": [
          {
            "type": "rich_text_section",
            "elements": [
              {
                "type": "text",
                "text": "It is indeed, Jack will be showing you how to build Agentic solutions"
              },
              {
                "type": "text",
                "text": "!! "
              },
              {
                "type": "emoji",
                "name": "robot_face",
                "unicode": "1f916"
              }
            ]
          }
        ]
      }
    ],
    "user_team": "T0B72NU6T",
    "source_team": "T0B72NU6T",
    "user_profile": {
      "avatar_hash": "",
      "image_72": "https://avatars.slack-edge.com/2023-11-14/6188793621894_be7c1ef7818e65e38b27_72.jpg",
      "first_name": "Danny",
      "real_name": "Danny Wright",
      "display_name": "Danny Wright",
      "team": "T0B72NU6T",
      "name": "dwrigh63",
      "is_restricted": false,
      "is_ultra_restricted": false
    }
  },
  {
    "client_msg_id": "00652885-3BD6-4255-B557-19CE151753B6",
    "type": "message",
    "user": "U06D34TM2JZ",
    "text": "Will this be recorded at all? Would love to make it in person if possible but have a conflict at the same time!",
    "ts": "1761864391.977539",
    "thread_ts": "1761851826.874839",
    "parent_user_id": "U0620AAEKK4",
    "team": "T0B72NU6T",
    "replace_original": false,
    "delete_original": false,
    "metadata": {
      "event_type": "",
      "event_payload": null
    },
    "blocks": [
      {
        "type": "rich_text",
        "block_id": "nkMFb",
        "elements": [
          {
            "type": "rich_text_section",
            "elements": [
              {
                "type": "text",
                "text": "Will this be recorded at all? Would love to make it in person if possible but have a conflict at the same time!"
              }
            ]
          }
        ]
      }
    ],
    "user_team": "T0B72NU6T",
    "source_team": "T0B72NU6T",
    "user_profile": {
      "avatar_hash": "",
      "image_72": "https://avatars.slack-edge.com/2024-02-07/6611309923409_b19c6e86502b853396f7_72.png",
      "first_name": "Benson",
      "real_name": "Benson Grotegut",
      "display_name": "Benson Grotegut",
      "team": "T0B72NU6T",
      "name": "bgrotegu",
      "is_restricted": false,
      "is_ultra_restricted": false
    }
  },
  {
    "client_msg_id": "835C8221-0D60-4828-8D60-25DD10014BC0",
    "type": "message",
    "user": "U06D34TM2JZ",
    "text": "Don’t do it haha. Find a way to make things work without going full time. It will save your life haha",
    "ts": "1761864436.730449",
    "thread_ts": "1761755578.757599",
    "parent_user_id": "U05QYKHB5GV",
    "team": "T0B72NU6T",
    "replace_original": false,
    "delete_original": false,
    "metadata": {
      "event_type": "",
      "event_payload": null
    },
    "blocks": [
      {
        "type": "rich_text",
        "block_id": "HeWHC",
        "elements": [
          {
            "type": "rich_text_section",
            "elements": [
              {
                "type": "text",
                "text": "Don’t"
              },
              {
                "type": "text",
                "text": " do it haha. Find a way to make things work without going full time. It will save your life haha"
              }
            ]
          }
        ]
      }
    ],
    "user_team": "T0B72NU6T",
    "source_team": "T0B72NU6T",
    "user_profile": {
      "avatar_hash": "",
      "image_72": "https://avatars.slack-edge.com/2024-02-07/6611309923409_b19c6e86502b853396f7_72.png",
      "first_name": "Benson",
      "real_name": "Benson Grotegut",
      "display_name": "Benson Grotegut",
      "team": "T0B72NU6T",
      "name": "bgrotegu",
      "is_restricted": false,
      "is_ultra_restricted": false
    }
  },
  {
    "client_msg_id": "d56b79d7-e2f2-4ce5-a231-1efefd8a58bf",
    "type": "message",
    "user": "U03V796M6ET",
    "text": "\u003c@U06D34TM2JZ\u003e unfortunately we can't record since students' voices could be picked up in the recording, but I will see what resources/materials (slides, technologies used, etc.) Jack has that can be made available afterwards. Check the \u003c#C035M25V24C|\u003e channel tonight or tomorrow!",
    "ts": "1761864527.940839",
    "thread_ts": "1761851826.874839",
    "parent_user_id": "U0620AAEKK4",
    "team": "T0B72NU6T",
    "replace_original": false,
    "delete_original": false,
    "metadata": {
      "event_type": "",
      "event_payload": null
    },
    "blocks": [
      {
        "type": "rich_text",
        "block_id": "xR0DX",
        "elements": [
          {
            "type": "rich_text_section",
            "elements": [
              {
                "type": "user",
                "user_id": "U06D34TM2JZ"
              },
              {
                "type": "text",
                "text": " unfortunately we can't record since students' voices could be picked up in the recording, but I will see what resources/materials (slides, technologies used, etc.) Jack has that can be made available afterwards. Check the "
              },
              {
                "type": "channel",
                "channel_id": "C035M25V24C"
              },
              {
                "type": "text",
                "text": " channel tonight or tomorrow!"
              }
            ]
          }
        ]
      }
    ],
    "user_team": "T0B72NU6T",
    "source_team": "T0B72NU6T",
    "user_profile": {
      "avatar_hash": "",
      "image_72": "https://avatars.slack-edge.com/2022-12-02/4459514610901_5ebe7abb7ecfc1982815_72.jpg",
      "first_name": "Joseph",
      "real_name": "Joseph Fuge",
      "display_name": "Joseph Fuge",
      "team": "T0B72NU6T",
      "name": "josephfuge1",
      "is_restricted": false,
      "is_ultra_restricted": false
    }
  },
  {
    "client_msg_id": "3b1630e9-0f22-42b2-8ac6-4786095212e5",
    "type": "message",
    "user": "U06D34TM2JZ",
    "text": "That makes sense! No worries, I decided I’ll be there in person!",
    "ts": "1761869464.443129",
    "thread_ts": "1761851826.874839",
    "parent_user_id": "U0620AAEKK4",
    "team": "T0B72NU6T",
    "replace_original": false,
    "delete_original": false,
    "metadata": {
      "event_type": "",
      "event_payload": null
    },
    "blocks": [
      {
        "type": "rich_text",
        "block_id": "G41oV",
        "elements": [
          {
            "type": "rich_text_section",
            "elements": [
              {
                "type": "text",
                "text": "That makes sense! No worries, I decided I’ll be there in person!"
              }
            ]
          }
        ]
      }
    ],
    "user_team": "T0B72NU6T",
    "source_team": "T0B72NU6T",
    "user_profile": {
      "avatar_hash": "",
      "image_72": "https://avatars.slack-edge.com/2024-02-07/6611309923409_b19c6e86502b853396f7_72.png",
      "first_name": "Benson",
      "real_name": "Benson Grotegut",
      "display_name": "Benson Grotegut",
      "team": "T0B72NU6T",
      "name": "bgrotegu",
      "is_restricted": false,
      "is_ultra_restricted": false
    }
  }
]
