[
  {
    "client_msg_id": "96ffd663-774e-44e2-acf0-d976049bf251",
    "type": "message",
    "user": "U07MTPN6Z61",
    "text": "When and where is the consulting Night today?",
    "ts": "1757707721.277289",
    "thread_ts": "1757707721.277289",
    "reply_count": 1,
    "reply_users": [
      "U06K1AN4EG5"
    ],
    "replies": [
      {
        "user": "U06K1AN4EG5",
        "ts": "1757717353.362589"
      }
    ],
    "latest_reply": "1757717353.362589",
    "team": "T0B72NU6T",
    "replace_original": false,
    "delete_original": false,
    "metadata": {
      "event_type": "",
      "event_payload": null
    },
    "blocks": [
      {
        "type": "rich_text",
        "block_id": "k7Js8",
        "elements": [
          {
            "type": "rich_text_section",
            "elements": [
              {
                "type": "text",
                "text": "When and where is the consulting Night today?"
              }
            ]
          }
        ]
      }
    ],
    "user_team": "T0B72NU6T",
    "source_team": "T0B72NU6T",
    "user_profile": {
      "avatar_hash": "",
      "image_72": "https://secure.gravatar.com/avatar/4094e7f43100cc65966c88b7d3f2c36d.jpg?s=72\u0026d=https%3A%2F%2Fa.slack-edge.com%2Fdf10d%2Fimg%2Favatars%2Fava_0010-72.png",
      "first_name": "Justin",
      "real_name": "Justin Maxwell",
      "display_name": "",
      "team": "T0B72NU6T",
      "name": "justmax",
      "is_restricted": false,
      "is_ultra_restricted": false
    },
    "reply_users_count": 1
  },
  {
    "client_msg_id": "0a161a82-e65f-4b0b-b2a2-cf6249b1f98e",
    "type": "message",
    "user": "U06K1AN4EG5",
    "text": "It’s from 6pm-8pm at the Hinckley Center",
    "ts": "1757717353.362589",
    "thread_ts": "1757707721.277289",
    "parent_user_id": "U07MTPN6Z61",
    "team": "T0B72NU6T",
    "reactions": [
      {
        "name": "heart",
        "count": 1,
        "users": [
          "U042NCS35FU"
        ]
      }
    ],
    "replace_original": false,
    "delete_original": false,
    "metadata": {
      "event_type": "",
      "event_payload": null
    },
    "blocks": [
      {
        "type": "rich_text",
        "block_id": "sTxL1",
        "elements": [
          {
            "type": "rich_text_section",
            "elements": [
              {
                "type": "text",
                "text": "It’s from 6pm-8pm at the Hinckley Center"
              }
            ]
          }
        ]
      }
    ],
    "user_team": "T0B72NU6T",
    "source_team": "T0B72NU6T",
    "user_profile": {
      "avatar_hash": "",
      "image_72": "https://avatars.slack-edge.com/2024-02-15/6643656474902_6c3529233870e7562721_72.png",
      "first_name": "Kylee",
      "real_name": "Kylee Brown",
      "display_name": "",
      "team": "T0B72NU6T",
      "name": "kyleeb2255",
      "is_restricted": false,
      "is_ultra_restricted": false
    }
  },
  {
    "client_msg_id": "3b68540a-bea2-4908-a2a5-059684a62ec4",
    "type": "message",
    "user": "U09EFEA03V2",
    "text": "The Is careers websites says it is from 7-8:30? Do we have to register for it?",
    "ts": "1757718005.887759",
    "team": "T0B72NU6T",
    "replace_original": false,
    "delete_original": false,
    "metadata": {
      "event_type": "",
      "event_payload": null
    },
    "blocks": [
      {
        "type": "rich_text",
        "block_id": "2beII",
        "elements": [
          {
            "type": "rich_text_section",
            "elements": [
              {
                "type": "text",
                "text": "The Is careers websites says it is from 7-8:30? Do we have to register for it?"
              }
            ]
          }
        ]
      }
    ],
    "user_team": "T0B72NU6T",
    "source_team": "T0B72NU6T",
    "user_profile": {
      "avatar_hash": "",
      "image_72": "https://avatars.slack-edge.com/2025-09-18/9544549423042_4b88f1ddfea3600c0130_72.jpg",
      "first_name": "Garrett",
      "real_name": "Garrett Safsten",
      "display_name": "Garrett Safsten",
      "team": "T0B72NU6T",
      "name": "garrett.safsten",
      "is_restricted": false,
      "is_ultra_restricted": false
    }
  },
  {
    "client_msg_id": "EC11E227-237F-4190-A8B5-2ACD9F0E3275",
    "type": "message",
    "user": "U042NCS35FU",
    "text": "You do not have to register but it helps if you do ",
    "ts": "1757718045.597839",
    "edited": {
      "user": "U042NCS35FU",
      "ts": "1757718070.000000"
    },
    "team": "T0B72NU6T",
    "reactions": [
      {
        "name": "+1",
        "count": 1,
        "users": [
          "U09EFEA03V2"
        ]
      }
    ],
    "replace_original": false,
    "delete_original": false,
    "metadata": {
      "event_type": "",
      "event_payload": null
    },
    "blocks": [
      {
        "type": "rich_text",
        "block_id": "pOIf8",
        "elements": [
          {
            "type": "rich_text_section",
            "elements": [
              {
                "type": "text",
                "text": "Yo"
              },
              {
                "type": "text",
                "text": "u "
              },
              {
                "type": "text",
                "text": "do not have to register but it helps if you do "
              }
            ]
          }
        ]
      }
    ],
    "user_team": "T0B72NU6T",
    "source_team": "T0B72NU6T",
    "user_profile": {
      "avatar_hash": "",
      "image_72": "https://avatars.slack-edge.com/2023-05-11/5244819286534_551bfb582613c6b7731d_72.jpg",
      "first_name": "Brendan",
      "real_name": "Brendan Bundy",
      "display_name": "",
      "team": "T0B72NU6T",
      "name": "brendanbundy1",
      "is_restricted": false,
      "is_ultra_restricted": false
    }
  },
  {
    "client_msg_id": "EB99C2F3-F88B-48FE-82EC-CDAAA3FE1A0C",
    "type": "message",
    "user": "U042NCS35FU",
    "text": "And handshake says the event is from 6-8",
    "ts": "1757718060.527459",
    "team": "T0B72NU6T",
    "replace_original": false,
    "delete_original": false,
    "metadata": {
      "event_type": "",
      "event_payload": null
    },
    "blocks": [
      {
        "type": "rich_text",
        "block_id": "4d7UP",
        "elements": [
          {
            "type": "rich_text_section",
            "elements": [
              {
                "type": "text",
                "text": "And handshake says the event is from 6-8"
              }
            ]
          }
        ]
      }
    ],
    "user_team": "T0B72NU6T",
    "source_team": "T0B72NU6T",
    "user_profile": {
      "avatar_hash": "",
      "image_72": "https://avatars.slack-edge.com/2023-05-11/5244819286534_551bfb582613c6b7731d_72.jpg",
      "first_name": "Brendan",
      "real_name": "Brendan Bundy",
      "display_name": "",
      "team": "T0B72NU6T",
      "name": "brendanbundy1",
      "is_restricted": false,
      "is_ultra_restricted": false
    }
  },
  {
    "client_msg_id": "5f66df9c-8c54-48e7-b367-1d6a706e73f6",
    "type": "message",
    "user": "U09EFEA03V2",
    "text": "scratch that. What I was looking at was wrong.",
    "ts": "1757718086.689459",
    "team": "T0B72NU6T",
    "replace_original": false,
    "delete_original": false,
    "metadata": {
      "event_type": "",
      "event_payload": null
    },
    "blocks": [
      {
        "type": "rich_text",
        "block_id": "op+dz",
        "elements": [
          {
            "type": "rich_text_section",
            "elements": [
              {
                "type": "text",
                "text": "scratch that. What I was looking at was wrong."
              }
            ]
          }
        ]
      }
    ],
    "user_team": "T0B72NU6T",
    "source_team": "T0B72NU6T",
    "user_profile": {
      "avatar_hash": "",
      "image_72": "https://avatars.slack-edge.com/2025-09-18/9544549423042_4b88f1ddfea3600c0130_72.jpg",
      "first_name": "Garrett",
      "real_name": "Garrett Safsten",
      "display_name": "Garrett Safsten",
      "team": "T0B72NU6T",
      "name": "garrett.safsten",
      "is_restricted": false,
      "is_ultra_restricted": false
    }
  }
]
