[
  {
    "client_msg_id": "7ecc3d0e-66e6-43a9-a900-f2af31421f55",
    "type": "message",
    "user": "U09DQTV48HM",
    "text": "What are the details for the Leland case competition?",
    "ts": "1762653643.621509",
    "thread_ts": "1762296917.645279",
    "parent_user_id": "U090Y4Q2E4F",
    "team": "T0B72NU6T",
    "replace_original": false,
    "delete_original": false,
    "metadata": {
      "event_type": "",
      "event_payload": null
    },
    "blocks": [
      {
        "type": "rich_text",
        "block_id": "rXhxd",
        "elements": [
          {
            "type": "rich_text_section",
            "elements": [
              {
                "type": "text",
                "text": "What are the details for the Leland case competition?"
              }
            ]
          }
        ]
      }
    ],
    "user_team": "T0B72NU6T",
    "source_team": "T0B72NU6T",
    "user_profile": {
      "avatar_hash": "",
      "image_72": "https://avatars.slack-edge.com/2025-09-08/9466947446135_8f72edb43caabfac3f93_72.png",
      "first_name": "Casey",
      "real_name": "Casey Black",
      "display_name": "Casey Black",
      "team": "T0B72NU6T",
      "name": "casey.lee.black",
      "is_restricted": false,
      "is_ultra_restricted": false
    }
  },
  {
    "client_msg_id": "6830E5F2-2E2D-4114-B63F-A2C43C546956",
    "type": "message",
    "user": "U090Y4Q2E4F",
    "ts": "1762658098.285769",
    "thread_ts": "1762296917.645279",
    "parent_user_id": "U090Y4Q2E4F",
    "files": [
      {
        "id": "F09RUJWL8DS",
        "created": 1762658092,
        "timestamp": 1762658092,
        "name": "IMG_0840.jpg",
        "title": "IMG_0840",
        "mimetype": "image/jpeg",
        "image_exif_rotation": 0,
        "filetype": "jpg",
        "pretty_type": "JPEG",
        "user": "U090Y4Q2E4F",
        "mode": "hosted",
        "editable": false,
        "is_external": false,
        "external_type": "",
        "size": 1497447,
        "url": "",
        "url_download": "",
        "url_private": "https://files.slack.com/files-pri/T0B72NU6T-F09RUJWL8DS/img_0840.jpg",
        "url_private_download": "https://files.slack.com/files-pri/T0B72NU6T-F09RUJWL8DS/download/img_0840.jpg",
        "original_h": 4032,
        "original_w": 3024,
        "thumb_64": "https://files.slack.com/files-tmb/T0B72NU6T-F09RUJWL8DS-ce9e4d8416/img_0840_64.jpg",
        "thumb_80": "https://files.slack.com/files-tmb/T0B72NU6T-F09RUJWL8DS-ce9e4d8416/img_0840_80.jpg",
        "thumb_160": "https://files.slack.com/files-tmb/T0B72NU6T-F09RUJWL8DS-ce9e4d8416/img_0840_160.jpg",
        "thumb_360": "https://files.slack.com/files-tmb/T0B72NU6T-F09RUJWL8DS-ce9e4d8416/img_0840_360.jpg",
        "thumb_360_gif": "",
        "thumb_360_w": 270,
        "thumb_360_h": 360,
        "thumb_480": "https://files.slack.com/files-tmb/T0B72NU6T-F09RUJWL8DS-ce9e4d8416/img_0840_480.jpg",
        "thumb_480_w": 360,
        "thumb_480_h": 480,
        "thumb_720": "https://files.slack.com/files-tmb/T0B72NU6T-F09RUJWL8DS-ce9e4d8416/img_0840_720.jpg",
        "thumb_720_w": 540,
        "thumb_720_h": 720,
        "thumb_960": "https://files.slack.com/files-tmb/T0B72NU6T-F09RUJWL8DS-ce9e4d8416/img_0840_960.jpg",
        "thumb_960_w": 720,
        "thumb_960_h": 960,
        "thumb_1024": "https://files.slack.com/files-tmb/T0B72NU6T-F09RUJWL8DS-ce9e4d8416/img_0840_1024.jpg",
        "thumb_1024_w": 768,
        "thumb_1024_h": 1024,
        "permalink": "https://byu-is.slack.com/files/U09AR6XNZRU/F09RUJWL8DS/img_0840.jpg",
        "permalink_public": "https://slack-files.com/T0B72NU6T-F09RUJWL8DS-b35065c91f",
        "edit_link": "",
        "preview": "",
        "preview_highlight": "",
        "lines": 0,
        "lines_more": 0,
        "is_public": true,
        "public_url_shared": false,
        "channels": null,
        "groups": null,
        "ims": null,
        "initial_comment": {},
        "comments_count": 0,
        "num_stars": 0,
        "is_starred": false,
        "shares": {
          "public": null,
          "private": null
        },
        "subject": "",
        "to": null,
        "from": null,
        "cc": null,
        "headers": {
          "date": "",
          "in_reply_to": "",
          "reply_to": "",
          "message_id": ""
        }
      }
    ],
    "replace_original": false,
    "delete_original": false,
    "metadata": {
      "event_type": "",
      "event_payload": null
    },
    "blocks": null,
    "user_profile": {
      "avatar_hash": "",
      "image_72": "https://avatars.slack-edge.com/2025-10-08/9663943661090_a27c5658906f51ed8a0b_72.jpg",
      "first_name": "Thomas",
      "real_name": "Thomas Chappell",
      "display_name": "",
      "team": "T0B72NU6T",
      "name": "jthomaschappell",
      "is_restricted": false,
      "is_ultra_restricted": false
    }
  },
  {
    "client_msg_id": "EA783C43-944D-4A2E-AB31-B6298044F246",
    "type": "message",
    "user": "U090Y4Q2E4F",
    "text": "Today is the deadline for registration with a team and we already have 5 people sadly :/ thanks for reaching out though! ",
    "ts": "1762658149.342419",
    "thread_ts": "1762296917.645279",
    "parent_user_id": "U090Y4Q2E4F",
    "team": "T0B72NU6T",
    "reactions": [
      {
        "name": "white_check_mark",
        "count": 1,
        "users": [
          "U09DQTV48HM"
        ]
      }
    ],
    "replace_original": false,
    "delete_original": false,
    "metadata": {
      "event_type": "",
      "event_payload": null
    },
    "blocks": [
      {
        "type": "rich_text",
        "block_id": "Z7z2X",
        "elements": [
          {
            "type": "rich_text_section",
            "elements": [
              {
                "type": "text",
                "text": "Today is the deadline for registration with a team and we already have 5 people sadly :/ thanks for reaching "
              },
              {
                "type": "text",
                "text": "out"
              },
              {
                "type": "text",
                "text": " though"
              },
              {
                "type": "text",
                "text": "!"
              },
              {
                "type": "text",
                "text": " "
              }
            ]
          }
        ]
      }
    ],
    "user_team": "T0B72NU6T",
    "source_team": "T0B72NU6T",
    "user_profile": {
      "avatar_hash": "",
      "image_72": "https://avatars.slack-edge.com/2025-10-08/9663943661090_a27c5658906f51ed8a0b_72.jpg",
      "first_name": "Thomas",
      "real_name": "Thomas Chappell",
      "display_name": "",
      "team": "T0B72NU6T",
      "name": "jthomaschappell",
      "is_restricted": false,
      "is_ultra_restricted": false
    }
  }
]
