[
  {
    "client_msg_id": "F55B55CB-D332-4E23-87B0-5C576C447577",
    "type": "message",
    "user": "U06M0EL5SF8",
    "text": "@channel\nHELLO EVERYONE!! We are so excited for WAIS to start back up this semester!!! Welcome to all the new Pre-IS and Junior Core women (and ofc those who support women :slightly_smiling_face:‍:left_right_arrow:)!\n\nTomorrow @ A-Team is a great opportunity to get involved with WAIS! We will have time tomorrow during the meeting to collab on some ideas for WAIS social media and events coming up. I would love to see you there!\n\nAlso, if you’re a BSIS Senior or in the MISM program, check out the \u003c#C0HM9NNGK|\u003e channel and look for the announcement about mentoring for WAIS!! ",
    "ts": "1757632432.992389",
    "team": "T0B72NU6T",
    "reactions": [
      {
        "name": "partying_face",
        "count": 7,
        "users": [
          "U05QYKUN9AR",
          "U04K58B9GPL",
          "U06KQUL7M09",
          "U05RY55RHDJ",
          "U06TDETJWMR",
          "U0JF7F9B5",
          "U04MA3J69K6"
        ]
      },
      {
        "name": "white_check_mark",
        "count": 2,
        "users": [
          "U07T843R21F",
          "U04MA3J69K6"
        ]
      },
      {
        "name": "heart",
        "count": 5,
        "users": [
          "U07N9TDRK1N",
          "U063NJ69S4X",
          "U0680J700LU",
          "U0JF7F9B5",
          "U04MA3J69K6"
        ]
      }
    ],
    "replace_original": false,
    "delete_original": false,
    "metadata": {
      "event_type": "",
      "event_payload": null
    },
    "blocks": [
      {
        "type": "rich_text",
        "block_id": "Ft5r1",
        "elements": [
          {
            "type": "rich_text_section",
            "elements": [
              {
                "type": "text",
                "text": "@channel\nHELLO EVERYONE!! We are so excited for WAIS to start back up this semester!!! Welcome to all the new Pre-IS and Junior Core women (and ofc those who support women "
              },
              {
                "type": "emoji",
                "name": "slightly_smiling_face",
                "unicode": "1f642"
              },
              {
                "type": "text",
                "text": "‍"
              },
              {
                "type": "emoji",
                "name": "left_right_arrow",
                "unicode": "2194-fe0f"
              },
              {
                "type": "text",
                "text": ")!\n\nTomorrow @ A-Team is a great opportunity to get involved with WAIS! We will have time tomorrow during the meeting to collab on some ideas for WAIS social media and events coming up. I would love to see you there!\n\nAlso, if you’re a BSIS Senior or in the MISM program, check out the "
              },
              {
                "type": "channel",
                "channel_id": "C0HM9NNGK"
              },
              {
                "type": "text",
                "text": " channel and look for "
              },
              {
                "type": "text",
                "text": "the announcement about mentoring for WAIS!! "
              }
            ]
          }
        ]
      }
    ],
    "user_team": "T0B72NU6T",
    "source_team": "T0B72NU6T",
    "user_profile": {
      "avatar_hash": "",
      "image_72": "https://avatars.slack-edge.com/2024-09-01/7654622677622_534ed950fd434df6ceeb_72.png",
      "first_name": "Annabelle",
      "real_name": "Annabelle Baker",
      "display_name": "Annabelle Baker",
      "team": "T0B72NU6T",
      "name": "abbaker",
      "is_restricted": false,
      "is_ultra_restricted": false
    }
  }
]
