[
  {
    "client_msg_id": "5bf6913e-7729-4bb3-98bf-2916d786947b",
    "type": "message",
    "user": "U06M0EL5SF8",
    "text": "Reminder to sign up for the WAIS Fall Social that is happening *a week FROM TODAY!* Please invite other women in the program to come join us and have them RSVP using the link below! :fallen_leaf:\n*\u003chttps://luma.com/3lthrglp\u003e*",
    "ts": "1761069699.170689",
    "attachments": [
      {
        "fallback": "WAIS Fall Social · Luma",
        "id": 1,
        "title": "WAIS Fall Social · Luma",
        "title_link": "https://luma.com/3lthrglp",
        "text": "Come join us for an evening of mingling, eating fall desserts, a fall-themed trivia and meeting other girls in the program!\n*Please bring A CANNED GOOD for our…",
        "service_name": "luma.com",
        "service_icon": "https://luma.com/apple-touch-icon.png",
        "from_url": "https://luma.com/3lthrglp",
        "original_url": "https://luma.com/3lthrglp",
        "blocks": null
      }
    ],
    "team": "T0B72NU6T",
    "reactions": [
      {
        "name": "heart",
        "count": 1,
        "users": [
          "U062Q2PUL5V"
        ]
      }
    ],
    "replace_original": false,
    "delete_original": false,
    "metadata": {
      "event_type": "",
      "event_payload": null
    },
    "blocks": [
      {
        "type": "rich_text",
        "block_id": "8uaJV",
        "elements": [
          {
            "type": "rich_text_section",
            "elements": [
              {
                "type": "text",
                "text": "Reminder to sign up for the WAIS Fall Social that is happening "
              },
              {
                "type": "text",
                "text": "a week FROM TODAY! ",
                "style": {
                  "bold": true
                }
              },
              {
                "type": "text",
                "text": "Please invite other women in the program to come join us and have them RSVP using the link below! "
              },
              {
                "type": "emoji",
                "name": "fallen_leaf",
                "unicode": "1f342"
              },
              {
                "type": "text",
                "text": "\n"
              },
              {
                "type": "link",
                "url": "https://luma.com/3lthrglp",
                "text": "",
                "style": {
                  "bold": true
                }
              }
            ]
          }
        ]
      }
    ],
    "user_team": "T0B72NU6T",
    "source_team": "T0B72NU6T",
    "user_profile": {
      "avatar_hash": "",
      "image_72": "https://avatars.slack-edge.com/2024-09-01/7654622677622_534ed950fd434df6ceeb_72.png",
      "first_name": "Annabelle",
      "real_name": "Annabelle Baker",
      "display_name": "Annabelle Baker",
      "team": "T0B72NU6T",
      "name": "abbaker",
      "is_restricted": false,
      "is_ultra_restricted": false
    }
  }
]
