[
  {
    "client_msg_id": "c87e5d92-e928-47f1-bdea-37850c8dbbbc",
    "type": "message",
    "user": "U07T843R21F",
    "text": "Marissa did a fantastic job and so did the rest of you creating this event and showing up.\n*Shout out to all the women in tech... your voices are needed.* \nIf only ONE GROUP of people builds technology, then all technology will be built for their needs.",
    "ts": "1762974614.255469",
    "files": [
      {
        "id": "F09SEJSGE1K",
        "created": 1762974598,
        "timestamp": 1762974598,
        "name": "image.png",
        "title": "image.png",
        "mimetype": "image/png",
        "image_exif_rotation": 0,
        "filetype": "png",
        "pretty_type": "PNG",
        "user": "U07T843R21F",
        "mode": "hosted",
        "editable": false,
        "is_external": false,
        "external_type": "",
        "size": 4904689,
        "url": "",
        "url_download": "",
        "url_private": "https://files.slack.com/files-pri/T0B72NU6T-F09SEJSGE1K/image.png",
        "url_private_download": "https://files.slack.com/files-pri/T0B72NU6T-F09SEJSGE1K/download/image.png",
        "original_h": 1728,
        "original_w": 2304,
        "thumb_64": "https://files.slack.com/files-tmb/T0B72NU6T-F09SEJSGE1K-4e01a800c8/image_64.png",
        "thumb_80": "https://files.slack.com/files-tmb/T0B72NU6T-F09SEJSGE1K-4e01a800c8/image_80.png",
        "thumb_160": "https://files.slack.com/files-tmb/T0B72NU6T-F09SEJSGE1K-4e01a800c8/image_160.png",
        "thumb_360": "https://files.slack.com/files-tmb/T0B72NU6T-F09SEJSGE1K-4e01a800c8/image_360.png",
        "thumb_360_gif": "",
        "thumb_360_w": 360,
        "thumb_360_h": 270,
        "thumb_480": "https://files.slack.com/files-tmb/T0B72NU6T-F09SEJSGE1K-4e01a800c8/image_480.png",
        "thumb_480_w": 480,
        "thumb_480_h": 360,
        "thumb_720": "https://files.slack.com/files-tmb/T0B72NU6T-F09SEJSGE1K-4e01a800c8/image_720.png",
        "thumb_720_w": 720,
        "thumb_720_h": 540,
        "thumb_960": "https://files.slack.com/files-tmb/T0B72NU6T-F09SEJSGE1K-4e01a800c8/image_960.png",
        "thumb_960_w": 960,
        "thumb_960_h": 720,
        "thumb_1024": "https://files.slack.com/files-tmb/T0B72NU6T-F09SEJSGE1K-4e01a800c8/image_1024.png",
        "thumb_1024_w": 1024,
        "thumb_1024_h": 768,
        "permalink": "https://byu-is.slack.com/files/U09AR6XNZRU/F09SEJSGE1K/image.png",
        "permalink_public": "https://slack-files.com/T0B72NU6T-F09SEJSGE1K-2f011995b7",
        "edit_link": "",
        "preview": "",
        "preview_highlight": "",
        "lines": 0,
        "lines_more": 0,
        "is_public": true,
        "public_url_shared": false,
        "channels": null,
        "groups": null,
        "ims": null,
        "initial_comment": {},
        "comments_count": 0,
        "num_stars": 0,
        "is_starred": false,
        "shares": {
          "public": null,
          "private": null
        },
        "subject": "",
        "to": null,
        "from": null,
        "cc": null,
        "headers": {
          "date": "",
          "in_reply_to": "",
          "reply_to": "",
          "message_id": ""
        }
      }
    ],
    "reactions": [
      {
        "name": "blue_heart",
        "count": 4,
        "users": [
          "U05QYKUN9AR",
          "U06M0EL5SF8",
          "U0PQUR0AK",
          "U0HM7RR6Z"
        ]
      }
    ],
    "replace_original": false,
    "delete_original": false,
    "metadata": {
      "event_type": "",
      "event_payload": null
    },
    "blocks": [
      {
        "type": "rich_text",
        "block_id": "GpAsg",
        "elements": [
          {
            "type": "rich_text_section",
            "elements": [
              {
                "type": "text",
                "text": "Marissa did a fantastic job and so did the rest of you creating this event and showing up.\n"
              },
              {
                "type": "text",
                "text": "Shout out to all the women in tech... your voices are needed. ",
                "style": {
                  "bold": true
                }
              },
              {
                "type": "text",
                "text": "\nIf only ONE GROUP of people builds technology, then all technology will be built for their needs."
              }
            ]
          }
        ]
      }
    ],
    "user_profile": {
      "avatar_hash": "",
      "image_72": "https://avatars.slack-edge.com/2024-10-21/7936270980896_c3cd52336cfab4edec83_72.png",
      "first_name": "Shelley",
      "real_name": "Shelley Hunter",
      "display_name": "",
      "team": "T0B72NU6T",
      "name": "sah296",
      "is_restricted": false,
      "is_ultra_restricted": false
    }
  }
]
