[
  {
    "client_msg_id": "5A88CF44-DD46-4C54-8710-374340C55754",
    "type": "message",
    "user": "U06M0EL5SF8",
    "text": ":sirenlight: ATTENTION ALL WOMEN IN IS / WAIS MEMBERS :sirenlight:\nOur WAIS Fall Social :fallen_leaf: is coming up soon!! It will be *October 28 from 6-7pm in 710 TNRB* so mark your calendars now!! Here is the link to RSVP! We are so excited to see you all!\n:link: \u003chttps://luma.com/3lthrglp|https://luma.com/3lthrglp\u003e",
    "ts": "1760542888.121889",
    "attachments": [
      {
        "fallback": "WAIS Fall Social · Luma",
        "id": 1,
        "title": "WAIS Fall Social · Luma",
        "title_link": "https://luma.com/3lthrglp",
        "text": "Come join us for an evening of mingling, eating fall desserts and meeting other girls in the program.\n*Please bring A CANNED GOOD for our canned food drive!*",
        "service_name": "luma.com",
        "service_icon": "https://luma.com/apple-touch-icon.png",
        "from_url": "https://luma.com/3lthrglp",
        "original_url": "https://luma.com/3lthrglp",
        "blocks": null
      }
    ],
    "edited": {
      "user": "U06M0EL5SF8",
      "ts": "1760543043.000000"
    },
    "team": "T0B72NU6T",
    "replace_original": false,
    "delete_original": false,
    "metadata": {
      "event_type": "",
      "event_payload": null
    },
    "blocks": [
      {
        "type": "rich_text",
        "block_id": "fvJi9",
        "elements": [
          {
            "type": "rich_text_section",
            "elements": [
              {
                "type": "emoji",
                "name": "sirenlight"
              },
              {
                "type": "text",
                "text": " ATTENTION ALL WOMEN IN IS / WAIS MEMBERS "
              },
              {
                "type": "emoji",
                "name": "sirenlight"
              },
              {
                "type": "text",
                "text": "\nOur WAIS Fall Social "
              },
              {
                "type": "emoji",
                "name": "fallen_leaf",
                "unicode": "1f342"
              },
              {
                "type": "text",
                "text": " is coming up soon!! It will be "
              },
              {
                "type": "text",
                "text": "October 28 from 6-7pm ",
                "style": {
                  "bold": true
                }
              },
              {
                "type": "text",
                "text": "in 710 TNRB ",
                "style": {
                  "bold": true
                }
              },
              {
                "type": "text",
                "text": "so mark your calendars now!! Here is the link to RSVP! We are so excited to see you all!\n"
              },
              {
                "type": "emoji",
                "name": "link",
                "unicode": "1f517"
              },
              {
                "type": "text",
                "text": " "
              },
              {
                "type": "link",
                "url": "https://luma.com/3lthrglp",
                "text": "https://luma.com/3lthrglp"
              }
            ]
          }
        ]
      }
    ],
    "user_team": "T0B72NU6T",
    "source_team": "T0B72NU6T",
    "user_profile": {
      "avatar_hash": "",
      "image_72": "https://avatars.slack-edge.com/2024-09-01/7654622677622_534ed950fd434df6ceeb_72.png",
      "first_name": "Annabelle",
      "real_name": "Annabelle Baker",
      "display_name": "Annabelle Baker",
      "team": "T0B72NU6T",
      "name": "abbaker",
      "is_restricted": false,
      "is_ultra_restricted": false
    }
  },
  {
    "client_msg_id": "35DC926C-4038-4C7C-8533-A6011CF338BE",
    "type": "message",
    "user": "U06M0EL5SF8",
    "ts": "1760542896.128799",
    "files": [
      {
        "id": "F09LT3J1076",
        "created": 1760542892,
        "timestamp": 1760542892,
        "name": "WAIS Fall Social 2025.jpg",
        "title": "WAIS Fall Social 2025",
        "mimetype": "image/jpeg",
        "image_exif_rotation": 0,
        "filetype": "jpg",
        "pretty_type": "JPEG",
        "user": "U06M0EL5SF8",
        "mode": "hosted",
        "editable": false,
        "is_external": false,
        "external_type": "",
        "size": 727147,
        "url": "",
        "url_download": "",
        "url_private": "https://files.slack.com/files-pri/T0B72NU6T-F09LT3J1076/wais_fall_social_2025.jpg",
        "url_private_download": "https://files.slack.com/files-pri/T0B72NU6T-F09LT3J1076/download/wais_fall_social_2025.jpg",
        "original_h": 2304,
        "original_w": 1728,
        "thumb_64": "https://files.slack.com/files-tmb/T0B72NU6T-F09LT3J1076-758f0b0b89/wais_fall_social_2025_64.jpg",
        "thumb_80": "https://files.slack.com/files-tmb/T0B72NU6T-F09LT3J1076-758f0b0b89/wais_fall_social_2025_80.jpg",
        "thumb_160": "https://files.slack.com/files-tmb/T0B72NU6T-F09LT3J1076-758f0b0b89/wais_fall_social_2025_160.jpg",
        "thumb_360": "https://files.slack.com/files-tmb/T0B72NU6T-F09LT3J1076-758f0b0b89/wais_fall_social_2025_360.jpg",
        "thumb_360_gif": "",
        "thumb_360_w": 270,
        "thumb_360_h": 360,
        "thumb_480": "https://files.slack.com/files-tmb/T0B72NU6T-F09LT3J1076-758f0b0b89/wais_fall_social_2025_480.jpg",
        "thumb_480_w": 360,
        "thumb_480_h": 480,
        "thumb_720": "https://files.slack.com/files-tmb/T0B72NU6T-F09LT3J1076-758f0b0b89/wais_fall_social_2025_720.jpg",
        "thumb_720_w": 540,
        "thumb_720_h": 720,
        "thumb_960": "https://files.slack.com/files-tmb/T0B72NU6T-F09LT3J1076-758f0b0b89/wais_fall_social_2025_960.jpg",
        "thumb_960_w": 720,
        "thumb_960_h": 960,
        "thumb_1024": "https://files.slack.com/files-tmb/T0B72NU6T-F09LT3J1076-758f0b0b89/wais_fall_social_2025_1024.jpg",
        "thumb_1024_w": 768,
        "thumb_1024_h": 1024,
        "permalink": "https://byu-is.slack.com/files/U09AR6XNZRU/F09LT3J1076/wais_fall_social_2025.jpg",
        "permalink_public": "https://slack-files.com/T0B72NU6T-F09LT3J1076-aaa215825f",
        "edit_link": "",
        "preview": "",
        "preview_highlight": "",
        "lines": 0,
        "lines_more": 0,
        "is_public": true,
        "public_url_shared": false,
        "channels": null,
        "groups": null,
        "ims": null,
        "initial_comment": {},
        "comments_count": 0,
        "num_stars": 0,
        "is_starred": false,
        "shares": {
          "public": null,
          "private": null
        },
        "subject": "",
        "to": null,
        "from": null,
        "cc": null,
        "headers": {
          "date": "",
          "in_reply_to": "",
          "reply_to": "",
          "message_id": ""
        }
      }
    ],
    "reactions": [
      {
        "name": "maple_leaf",
        "count": 6,
        "users": [
          "U05QYKUN9AR",
          "U06G317C2Q5",
          "U01TP7DLDQR",
          "U073NUUJ6EQ",
          "U04MA3J69K6",
          "U06KQUL7M09"
        ]
      },
      {
        "name": "heart",
        "count": 2,
        "users": [
          "U04MA3J69K6",
          "U06KQUL7M09"
        ]
      },
      {
        "name": "ribbon",
        "count": 1,
        "users": [
          "U06KQUL7M09"
        ]
      },
      {
        "name": "tada",
        "count": 1,
        "users": [
          "U06KQUL7M09"
        ]
      },
      {
        "name": "heart_eyes",
        "count": 1,
        "users": [
          "U06KQUL7M09"
        ]
      },
      {
        "name": "smiling_face_with_3_hearts",
        "count": 1,
        "users": [
          "U06KQUL7M09"
        ]
      },
      {
        "name": "jack_o_lantern",
        "count": 1,
        "users": [
          "U06KQUL7M09"
        ]
      }
    ],
    "replace_original": false,
    "delete_original": false,
    "metadata": {
      "event_type": "",
      "event_payload": null
    },
    "blocks": null,
    "user_profile": {
      "avatar_hash": "",
      "image_72": "https://avatars.slack-edge.com/2024-09-01/7654622677622_534ed950fd434df6ceeb_72.png",
      "first_name": "Annabelle",
      "real_name": "Annabelle Baker",
      "display_name": "Annabelle Baker",
      "team": "T0B72NU6T",
      "name": "abbaker",
      "is_restricted": false,
      "is_ultra_restricted": false
    }
  }
]
