[
  {
    "client_msg_id": "68C5D122-B0D9-4F64-8CCC-06314E332861",
    "type": "message",
    "user": "U06M0EL5SF8",
    "text": "Come to the WICS alumni panel tonight if you can make it!! :heart_hands: happening in an hour! hope to see some of you there so we can support \u003c@U02J4U5B5BN\u003e !!!",
    "ts": "1759359789.512809",
    "edited": {
      "user": "U06M0EL5SF8",
      "ts": "1759359800.000000"
    },
    "team": "T0B72NU6T",
    "reactions": [
      {
        "name": "heart",
        "count": 2,
        "users": [
          "U05RY55RHDJ",
          "U04MA3J69K6"
        ]
      }
    ],
    "replace_original": false,
    "delete_original": false,
    "metadata": {
      "event_type": "",
      "event_payload": null
    },
    "blocks": [
      {
        "type": "rich_text",
        "block_id": "yISed",
        "elements": [
          {
            "type": "rich_text_section",
            "elements": [
              {
                "type": "text",
                "text": "Come to the "
              },
              {
                "type": "text",
                "text": "WICS "
              },
              {
                "type": "text",
                "text": "alumni panel tonight if you can make it!! "
              },
              {
                "type": "emoji",
                "name": "heart_hands",
                "unicode": "1faf6"
              },
              {
                "type": "text",
                "text": " "
              },
              {
                "type": "text",
                "text": "happening in an hour! "
              },
              {
                "type": "text",
                "text": "hope to see some of you there so we can support "
              },
              {
                "type": "user",
                "user_id": "U02J4U5B5BN"
              },
              {
                "type": "text",
                "text": " !!!"
              }
            ]
          }
        ]
      }
    ],
    "user_team": "T0B72NU6T",
    "source_team": "T0B72NU6T",
    "user_profile": {
      "avatar_hash": "",
      "image_72": "https://avatars.slack-edge.com/2024-09-01/7654622677622_534ed950fd434df6ceeb_72.png",
      "first_name": "Annabelle",
      "real_name": "Annabelle Baker",
      "display_name": "Annabelle Baker",
      "team": "T0B72NU6T",
      "name": "abbaker",
      "is_restricted": false,
      "is_ultra_restricted": false
    }
  }
]
