[
  {
    "client_msg_id": "CE67ADA6-B13D-4F55-B292-6FBCE650C1F4",
    "type": "message",
    "user": "U04MA3J69K6",
    "text": "Cant wait for tonight !:partying_face::partying_face::partying_face:",
    "ts": "1761670693.336499",
    "team": "T0B72NU6T",
    "reactions": [
      {
        "name": "lfg",
        "count": 2,
        "users": [
          "U05QYKUN9AR",
          "U06M0EL5SF8"
        ]
      }
    ],
    "replace_original": false,
    "delete_original": false,
    "metadata": {
      "event_type": "",
      "event_payload": null
    },
    "blocks": [
      {
        "type": "rich_text",
        "block_id": "uthhi",
        "elements": [
          {
            "type": "rich_text_section",
            "elements": [
              {
                "type": "text",
                "text": "Cant wait for tonight !"
              },
              {
                "type": "emoji",
                "name": "partying_face",
                "unicode": "1f973"
              },
              {
                "type": "emoji",
                "name": "partying_face",
                "unicode": "1f973"
              },
              {
                "type": "emoji",
                "name": "partying_face",
                "unicode": "1f973"
              }
            ]
          }
        ]
      }
    ],
    "user_team": "T0B72NU6T",
    "source_team": "T0B72NU6T",
    "user_profile": {
      "avatar_hash": "",
      "image_72": "https://avatars.slack-edge.com/2024-02-22/6668253028887_9b26d054618b4752f72b_72.png",
      "first_name": "Hailey",
      "real_name": "Hailey Bronson (Lindsey)",
      "display_name": "",
      "team": "T0B72NU6T",
      "name": "haileypbronson",
      "is_restricted": false,
      "is_ultra_restricted": false
    }
  },
  {
    "client_msg_id": "D978D564-0B76-4C88-8FEF-8D9BE3DECD8A",
    "type": "message",
    "user": "U06M0EL5SF8",
    "text": "So excited to see everyone!! :yes-kip: Reminder that the event will be happening in *710 TNRB.* Take the elevators in the corners of the building (not the main ones in the middle) to get to the 7th floor!!",
    "ts": "1761672232.015259",
    "files": [
      {
        "id": "F09P1BT14E7",
        "created": 1761672139,
        "timestamp": 1761672139,
        "name": "WAIS Fall Social 2025.jpg",
        "title": "WAIS Fall Social 2025",
        "mimetype": "image/jpeg",
        "image_exif_rotation": 0,
        "filetype": "jpg",
        "pretty_type": "JPEG",
        "user": "U06M0EL5SF8",
        "mode": "hosted",
        "editable": false,
        "is_external": false,
        "external_type": "",
        "size": 727174,
        "url": "",
        "url_download": "",
        "url_private": "https://files.slack.com/files-pri/T0B72NU6T-F09P1BT14E7/wais_fall_social_2025.jpg",
        "url_private_download": "https://files.slack.com/files-pri/T0B72NU6T-F09P1BT14E7/download/wais_fall_social_2025.jpg",
        "original_h": 2304,
        "original_w": 1728,
        "thumb_64": "https://files.slack.com/files-tmb/T0B72NU6T-F09P1BT14E7-fc19d4105e/wais_fall_social_2025_64.jpg",
        "thumb_80": "https://files.slack.com/files-tmb/T0B72NU6T-F09P1BT14E7-fc19d4105e/wais_fall_social_2025_80.jpg",
        "thumb_160": "https://files.slack.com/files-tmb/T0B72NU6T-F09P1BT14E7-fc19d4105e/wais_fall_social_2025_160.jpg",
        "thumb_360": "https://files.slack.com/files-tmb/T0B72NU6T-F09P1BT14E7-fc19d4105e/wais_fall_social_2025_360.jpg",
        "thumb_360_gif": "",
        "thumb_360_w": 270,
        "thumb_360_h": 360,
        "thumb_480": "https://files.slack.com/files-tmb/T0B72NU6T-F09P1BT14E7-fc19d4105e/wais_fall_social_2025_480.jpg",
        "thumb_480_w": 360,
        "thumb_480_h": 480,
        "thumb_720": "https://files.slack.com/files-tmb/T0B72NU6T-F09P1BT14E7-fc19d4105e/wais_fall_social_2025_720.jpg",
        "thumb_720_w": 540,
        "thumb_720_h": 720,
        "thumb_960": "https://files.slack.com/files-tmb/T0B72NU6T-F09P1BT14E7-fc19d4105e/wais_fall_social_2025_960.jpg",
        "thumb_960_w": 720,
        "thumb_960_h": 960,
        "thumb_1024": "https://files.slack.com/files-tmb/T0B72NU6T-F09P1BT14E7-fc19d4105e/wais_fall_social_2025_1024.jpg",
        "thumb_1024_w": 768,
        "thumb_1024_h": 1024,
        "permalink": "https://byu-is.slack.com/files/U09AR6XNZRU/F09P1BT14E7/wais_fall_social_2025.jpg",
        "permalink_public": "https://slack-files.com/T0B72NU6T-F09P1BT14E7-066112bafb",
        "edit_link": "",
        "preview": "",
        "preview_highlight": "",
        "lines": 0,
        "lines_more": 0,
        "is_public": true,
        "public_url_shared": false,
        "channels": null,
        "groups": null,
        "ims": null,
        "initial_comment": {},
        "comments_count": 0,
        "num_stars": 0,
        "is_starred": false,
        "shares": {
          "public": null,
          "private": null
        },
        "subject": "",
        "to": null,
        "from": null,
        "cc": null,
        "headers": {
          "date": "",
          "in_reply_to": "",
          "reply_to": "",
          "message_id": ""
        }
      }
    ],
    "reactions": [
      {
        "name": "christian-bale-thats-nice",
        "count": 2,
        "users": [
          "U063NJ69S4X",
          "U05QYKUN9AR"
        ]
      },
      {
        "name": "cosmo-party",
        "count": 4,
        "users": [
          "U063NJ69S4X",
          "U05QYKUN9AR",
          "U01TP7DLDQR",
          "U0PQUR0AK"
        ]
      },
      {
        "name": "donkey-kong-dance",
        "count": 1,
        "users": [
          "U05QYKUN9AR"
        ]
      },
      {
        "name": "tada",
        "count": 2,
        "users": [
          "U08FFTU6TDJ",
          "U04MA3J69K6"
        ]
      }
    ],
    "replace_original": false,
    "delete_original": false,
    "metadata": {
      "event_type": "",
      "event_payload": null
    },
    "blocks": [
      {
        "type": "rich_text",
        "block_id": "N88E8",
        "elements": [
          {
            "type": "rich_text_section",
            "elements": [
              {
                "type": "text",
                "text": "So excited to see everyone!! "
              },
              {
                "type": "emoji",
                "name": "yes-kip"
              },
              {
                "type": "text",
                "text": " Reminder that the event will be happening in "
              },
              {
                "type": "text",
                "text": "710 TNRB. ",
                "style": {
                  "bold": true
                }
              },
              {
                "type": "text",
                "text": "Take the elevators in the corners of the building (not the main ones in the middle) to get to the 7th floor!!"
              }
            ]
          }
        ]
      }
    ],
    "user_profile": {
      "avatar_hash": "",
      "image_72": "https://avatars.slack-edge.com/2024-09-01/7654622677622_534ed950fd434df6ceeb_72.png",
      "first_name": "Annabelle",
      "real_name": "Annabelle Baker",
      "display_name": "Annabelle Baker",
      "team": "T0B72NU6T",
      "name": "abbaker",
      "is_restricted": false,
      "is_ultra_restricted": false
    }
  },
  {
    "client_msg_id": "BF879BF4-2C8F-4CEB-88FC-F92A518D7011",
    "type": "message",
    "user": "U06M0EL5SF8",
    "text": "And remember to bring your canned good for the canned food drive!! :carlton:",
    "ts": "1761672276.975769",
    "team": "T0B72NU6T",
    "replace_original": false,
    "delete_original": false,
    "metadata": {
      "event_type": "",
      "event_payload": null
    },
    "blocks": [
      {
        "type": "rich_text",
        "block_id": "fSwnX",
        "elements": [
          {
            "type": "rich_text_section",
            "elements": [
              {
                "type": "text",
                "text": "And remember to bring your canned good for the canned food drive!! "
              },
              {
                "type": "emoji",
                "name": "carlton"
              }
            ]
          }
        ]
      }
    ],
    "user_team": "T0B72NU6T",
    "source_team": "T0B72NU6T",
    "user_profile": {
      "avatar_hash": "",
      "image_72": "https://avatars.slack-edge.com/2024-09-01/7654622677622_534ed950fd434df6ceeb_72.png",
      "first_name": "Annabelle",
      "real_name": "Annabelle Baker",
      "display_name": "Annabelle Baker",
      "team": "T0B72NU6T",
      "name": "abbaker",
      "is_restricted": false,
      "is_ultra_restricted": false
    }
  }
]
